<annotation>
	<folder>arcad</folder>
	<filename>Slide36.JPG</filename>
	<path>/arcad/Slide36.JPG</path>
	<source>
		<database>Unspecified</database>
	</source>
	<size>
		<width>1280</width>
		<height>720</height>
		<depth>3</depth>
	</size>
	<object>
		<name>column_cir</name>
		<pose>Unspecified</pose>
		<truncated>0</truncated>
		<difficult>0</difficult>
		<bndbox>
			<xmin>503</xmin>
			<ymin>368</ymin>
			<xmax>520</xmax>
			<ymax>381</ymax>
		</bndbox>
	</object>
	<object>
		<name>column_cir</name>
		<pose>Unspecified</pose>
		<truncated>0</truncated>
		<difficult>0</difficult>
		<bndbox>
			<xmin>568</xmin>
			<ymin>327</ymin>
			<xmax>582</xmax>
			<ymax>340</ymax>
		</bndbox>
	</object>
	<object>
		<name>column_cir</name>
		<pose>Unspecified</pose>
		<truncated>0</truncated>
		<difficult>0</difficult>
		<bndbox>
			<xmin>639</xmin>
			<ymin>333</ymin>
			<xmax>655</xmax>
			<ymax>346</ymax>
		</bndbox>
	</object>
	<object>
		<name>column_cir</name>
		<pose>Unspecified</pose>
		<truncated>0</truncated>
		<difficult>0</difficult>
		<bndbox>
			<xmin>674</xmin>
			<ymin>348</ymin>
			<xmax>687</xmax>
			<ymax>362</ymax>
		</bndbox>
	</object>
	<object>
		<name>column_cir</name>
		<pose>Unspecified</pose>
		<truncated>0</truncated>
		<difficult>0</difficult>
		<bndbox>
			<xmin>541</xmin>
			<ymin>425</ymin>
			<xmax>555</xmax>
			<ymax>441</ymax>
		</bndbox>
	</object>
	<object>
		<name>column_cir</name>
		<pose>Unspecified</pose>
		<truncated>0</truncated>
		<difficult>0</difficult>
		<bndbox>
			<xmin>618</xmin>
			<ymin>545</ymin>
			<xmax>635</xmax>
			<ymax>561</ymax>
		</bndbox>
	</object>
	<object>
		<name>column_cir</name>
		<pose>Unspecified</pose>
		<truncated>0</truncated>
		<difficult>0</difficult>
		<bndbox>
			<xmin>584</xmin>
			<ymin>492</ymin>
			<xmax>598</xmax>
			<ymax>509</ymax>
		</bndbox>
	</object>
	<object>
		<name>column_cir</name>
		<pose>Unspecified</pose>
		<truncated>0</truncated>
		<difficult>0</difficult>
		<bndbox>
			<xmin>640</xmin>
			<ymin>575</ymin>
			<xmax>655</xmax>
			<ymax>591</ymax>
		</bndbox>
	</object>
	<object>
		<name>column_cir</name>
		<pose>Unspecified</pose>
		<truncated>0</truncated>
		<difficult>0</difficult>
		<bndbox>
			<xmin>686</xmin>
			<ymin>503</ymin>
			<xmax>698</xmax>
			<ymax>518</ymax>
		</bndbox>
	</object>
	<object>
		<name>column_cir</name>
		<pose>Unspecified</pose>
		<truncated>0</truncated>
		<difficult>0</difficult>
		<bndbox>
			<xmin>717</xmin>
			<ymin>554</ymin>
			<xmax>736</xmax>
			<ymax>571</ymax>
		</bndbox>
	</object>
	<object>
		<name>column_cir</name>
		<pose>Unspecified</pose>
		<truncated>0</truncated>
		<difficult>0</difficult>
		<bndbox>
			<xmin>731</xmin>
			<ymin>579</ymin>
			<xmax>752</xmax>
			<ymax>598</ymax>
		</bndbox>
	</object>
	<object>
		<name>column_cir</name>
		<pose>Unspecified</pose>
		<truncated>0</truncated>
		<difficult>0</difficult>
		<bndbox>
			<xmin>780</xmin>
			<ymin>513</ymin>
			<xmax>798</xmax>
			<ymax>530</ymax>
		</bndbox>
	</object>
	<object>
		<name>column_cir</name>
		<pose>Unspecified</pose>
		<truncated>0</truncated>
		<difficult>0</difficult>
		<bndbox>
			<xmin>793</xmin>
			<ymin>539</ymin>
			<xmax>813</xmax>
			<ymax>555</ymax>
		</bndbox>
	</object>
	<object>
		<name>column_cir</name>
		<pose>Unspecified</pose>
		<truncated>0</truncated>
		<difficult>0</difficult>
		<bndbox>
			<xmin>763</xmin>
			<ymin>311</ymin>
			<xmax>775</xmax>
			<ymax>326</ymax>
		</bndbox>
	</object>
	<object>
		<name>column_cir</name>
		<pose>Unspecified</pose>
		<truncated>0</truncated>
		<difficult>0</difficult>
		<bndbox>
			<xmin>825</xmin>
			<ymin>355</ymin>
			<xmax>841</xmax>
			<ymax>368</ymax>
		</bndbox>
	</object>
	<object>
		<name>column_cir</name>
		<pose>Unspecified</pose>
		<truncated>0</truncated>
		<difficult>0</difficult>
		<bndbox>
			<xmin>887</xmin>
			<ymin>397</ymin>
			<xmax>901</xmax>
			<ymax>414</ymax>
		</bndbox>
	</object>
	<object>
		<name>column_cir</name>
		<pose>Unspecified</pose>
		<truncated>0</truncated>
		<difficult>0</difficult>
		<bndbox>
			<xmin>714</xmin>
			<ymin>409</ymin>
			<xmax>727</xmax>
			<ymax>422</ymax>
		</bndbox>
	</object>
	<object>
		<name>column_cir</name>
		<pose>Unspecified</pose>
		<truncated>0</truncated>
		<difficult>0</difficult>
		<bndbox>
			<xmin>746</xmin>
			<ymin>463</ymin>
			<xmax>762</xmax>
			<ymax>477</ymax>
		</bndbox>
	</object>
	<object>
		<name>column_cir</name>
		<pose>Unspecified</pose>
		<truncated>0</truncated>
		<difficult>0</difficult>
		<bndbox>
			<xmin>642</xmin>
			<ymin>216</ymin>
			<xmax>659</xmax>
			<ymax>230</ymax>
		</bndbox>
	</object>
	<object>
		<name>column_cir</name>
		<pose>Unspecified</pose>
		<truncated>0</truncated>
		<difficult>0</difficult>
		<bndbox>
			<xmin>631</xmin>
			<ymin>286</ymin>
			<xmax>644</xmax>
			<ymax>299</ymax>
		</bndbox>
	</object>
	<object>
		<name>column_cir</name>
		<pose>Unspecified</pose>
		<truncated>0</truncated>
		<difficult>0</difficult>
		<bndbox>
			<xmin>699</xmin>
			<ymin>269</ymin>
			<xmax>713</xmax>
			<ymax>283</ymax>
		</bndbox>
	</object>
	<object>
		<name>column_cir</name>
		<pose>Unspecified</pose>
		<truncated>0</truncated>
		<difficult>0</difficult>
		<bndbox>
			<xmin>974</xmin>
			<ymin>502</ymin>
			<xmax>989</xmax>
			<ymax>518</ymax>
		</bndbox>
	</object>
	<object>
		<name>column_cir</name>
		<pose>Unspecified</pose>
		<truncated>0</truncated>
		<difficult>0</difficult>
		<bndbox>
			<xmin>990</xmin>
			<ymin>468</ymin>
			<xmax>1004</xmax>
			<ymax>483</ymax>
		</bndbox>
	</object>
	<object>
		<name>column_cir</name>
		<pose>Unspecified</pose>
		<truncated>0</truncated>
		<difficult>0</difficult>
		<bndbox>
			<xmin>951</xmin>
			<ymin>442</ymin>
			<xmax>963</xmax>
			<ymax>454</ymax>
		</bndbox>
	</object>
	<object>
		<name>column_cir</name>
		<pose>Unspecified</pose>
		<truncated>0</truncated>
		<difficult>0</difficult>
		<bndbox>
			<xmin>980</xmin>
			<ymin>401</ymin>
			<xmax>991</xmax>
			<ymax>413</ymax>
		</bndbox>
	</object>
	<object>
		<name>column_cir</name>
		<pose>Unspecified</pose>
		<truncated>0</truncated>
		<difficult>0</difficult>
		<bndbox>
			<xmin>1013</xmin>
			<ymin>422</ymin>
			<xmax>1026</xmax>
			<ymax>438</ymax>
		</bndbox>
	</object>
	<object>
		<name>column_cir</name>
		<pose>Unspecified</pose>
		<truncated>0</truncated>
		<difficult>0</difficult>
		<bndbox>
			<xmin>947</xmin>
			<ymin>314</ymin>
			<xmax>959</xmax>
			<ymax>328</ymax>
		</bndbox>
	</object>
	<object>
		<name>column_cir</name>
		<pose>Unspecified</pose>
		<truncated>0</truncated>
		<difficult>0</difficult>
		<bndbox>
			<xmin>856</xmin>
			<ymin>314</ymin>
			<xmax>869</xmax>
			<ymax>327</ymax>
		</bndbox>
	</object>
	<object>
		<name>column_cir</name>
		<pose>Unspecified</pose>
		<truncated>0</truncated>
		<difficult>0</difficult>
		<bndbox>
			<xmin>883</xmin>
			<ymin>270</ymin>
			<xmax>898</xmax>
			<ymax>286</ymax>
		</bndbox>
	</object>
	<object>
		<name>door</name>
		<pose>Unspecified</pose>
		<truncated>0</truncated>
		<difficult>0</difficult>
		<bndbox>
			<xmin>843</xmin>
			<ymin>247</ymin>
			<xmax>857</xmax>
			<ymax>259</ymax>
		</bndbox>
	</object>
	<object>
		<name>door</name>
		<pose>Unspecified</pose>
		<truncated>0</truncated>
		<difficult>0</difficult>
		<bndbox>
			<xmin>930</xmin>
			<ymin>287</ymin>
			<xmax>942</xmax>
			<ymax>303</ymax>
		</bndbox>
	</object>
	<object>
		<name>door</name>
		<pose>Unspecified</pose>
		<truncated>0</truncated>
		<difficult>0</difficult>
		<bndbox>
			<xmin>958</xmin>
			<ymin>354</ymin>
			<xmax>970</xmax>
			<ymax>367</ymax>
		</bndbox>
	</object>
	<object>
		<name>door</name>
		<pose>Unspecified</pose>
		<truncated>0</truncated>
		<difficult>0</difficult>
		<bndbox>
			<xmin>916</xmin>
			<ymin>371</ymin>
			<xmax>930</xmax>
			<ymax>382</ymax>
		</bndbox>
	</object>
	<object>
		<name>door</name>
		<pose>Unspecified</pose>
		<truncated>0</truncated>
		<difficult>0</difficult>
		<bndbox>
			<xmin>934</xmin>
			<ymin>384</ymin>
			<xmax>948</xmax>
			<ymax>398</ymax>
		</bndbox>
	</object>
	<object>
		<name>door</name>
		<pose>Unspecified</pose>
		<truncated>0</truncated>
		<difficult>0</difficult>
		<bndbox>
			<xmin>943</xmin>
			<ymin>388</ymin>
			<xmax>959</xmax>
			<ymax>405</ymax>
		</bndbox>
	</object>
	<object>
		<name>column_cir</name>
		<pose>Unspecified</pose>
		<truncated>0</truncated>
		<difficult>0</difficult>
		<bndbox>
			<xmin>1009</xmin>
			<ymin>359</ymin>
			<xmax>1021</xmax>
			<ymax>371</ymax>
		</bndbox>
	</object>
	<object>
		<name>column_cir</name>
		<pose>Unspecified</pose>
		<truncated>0</truncated>
		<difficult>0</difficult>
		<bndbox>
			<xmin>916</xmin>
			<ymin>356</ymin>
			<xmax>930</xmax>
			<ymax>370</ymax>
		</bndbox>
	</object>
	<object>
		<name>staircase_up</name>
		<pose>Unspecified</pose>
		<truncated>0</truncated>
		<difficult>0</difficult>
		<bndbox>
			<xmin>935</xmin>
			<ymin>328</ymin>
			<xmax>972</xmax>
			<ymax>360</ymax>
		</bndbox>
	</object>
	<object>
		<name>lift</name>
		<pose>Unspecified</pose>
		<truncated>0</truncated>
		<difficult>0</difficult>
		<bndbox>
			<xmin>794</xmin>
			<ymin>257</ymin>
			<xmax>830</xmax>
			<ymax>290</ymax>
		</bndbox>
	</object>
	<object>
		<name>lift</name>
		<pose>Unspecified</pose>
		<truncated>0</truncated>
		<difficult>0</difficult>
		<bndbox>
			<xmin>811</xmin>
			<ymin>231</ymin>
			<xmax>845</xmax>
			<ymax>269</ymax>
		</bndbox>
	</object>
	<object>
		<name>lift</name>
		<pose>Unspecified</pose>
		<truncated>0</truncated>
		<difficult>0</difficult>
		<bndbox>
			<xmin>767</xmin>
			<ymin>206</ymin>
			<xmax>800</xmax>
			<ymax>238</ymax>
		</bndbox>
	</object>
	<object>
		<name>lift</name>
		<pose>Unspecified</pose>
		<truncated>0</truncated>
		<difficult>0</difficult>
		<bndbox>
			<xmin>756</xmin>
			<ymin>230</ymin>
			<xmax>786</xmax>
			<ymax>262</ymax>
		</bndbox>
	</object>
	<object>
		<name>staircase_up</name>
		<pose>Unspecified</pose>
		<truncated>0</truncated>
		<difficult>0</difficult>
		<bndbox>
			<xmin>730</xmin>
			<ymin>202</ymin>
			<xmax>763</xmax>
			<ymax>249</ymax>
		</bndbox>
	</object>
	<object>
		<name>staircase_up</name>
		<pose>Unspecified</pose>
		<truncated>0</truncated>
		<difficult>0</difficult>
		<bndbox>
			<xmin>496</xmin>
			<ymin>299</ymin>
			<xmax>533</xmax>
			<ymax>338</ymax>
		</bndbox>
	</object>
	<object>
		<name>door</name>
		<pose>Unspecified</pose>
		<truncated>0</truncated>
		<difficult>0</difficult>
		<bndbox>
			<xmin>572</xmin>
			<ymin>276</ymin>
			<xmax>585</xmax>
			<ymax>293</ymax>
		</bndbox>
	</object>
	<object>
		<name>door</name>
		<pose>Unspecified</pose>
		<truncated>0</truncated>
		<difficult>0</difficult>
		<bndbox>
			<xmin>622</xmin>
			<ymin>355</ymin>
			<xmax>636</xmax>
			<ymax>370</ymax>
		</bndbox>
	</object>
	<object>
		<name>door</name>
		<pose>Unspecified</pose>
		<truncated>0</truncated>
		<difficult>0</difficult>
		<bndbox>
			<xmin>578</xmin>
			<ymin>386</ymin>
			<xmax>592</xmax>
			<ymax>397</ymax>
		</bndbox>
	</object>
	<object>
		<name>door</name>
		<pose>Unspecified</pose>
		<truncated>0</truncated>
		<difficult>0</difficult>
		<bndbox>
			<xmin>569</xmin>
			<ymin>386</ymin>
			<xmax>583</xmax>
			<ymax>403</ymax>
		</bndbox>
	</object>
	<object>
		<name>door</name>
		<pose>Unspecified</pose>
		<truncated>0</truncated>
		<difficult>0</difficult>
		<bndbox>
			<xmin>599</xmin>
			<ymin>399</ymin>
			<xmax>614</xmax>
			<ymax>412</ymax>
		</bndbox>
	</object>
	<object>
		<name>door</name>
		<pose>Unspecified</pose>
		<truncated>0</truncated>
		<difficult>0</difficult>
		<bndbox>
			<xmin>651</xmin>
			<ymin>362</ymin>
			<xmax>667</xmax>
			<ymax>376</ymax>
		</bndbox>
	</object>
	<object>
		<name>door</name>
		<pose>Unspecified</pose>
		<truncated>0</truncated>
		<difficult>0</difficult>
		<bndbox>
			<xmin>686</xmin>
			<ymin>403</ymin>
			<xmax>701</xmax>
			<ymax>419</ymax>
		</bndbox>
	</object>
	<object>
		<name>column_cir</name>
		<pose>Unspecified</pose>
		<truncated>0</truncated>
		<difficult>0</difficult>
		<bndbox>
			<xmin>649</xmin>
			<ymin>450</ymin>
			<xmax>663</xmax>
			<ymax>465</ymax>
		</bndbox>
	</object>
	<object>
		<name>door</name>
		<pose>Unspecified</pose>
		<truncated>0</truncated>
		<difficult>0</difficult>
		<bndbox>
			<xmin>820</xmin>
			<ymin>319</ymin>
			<xmax>832</xmax>
			<ymax>330</ymax>
		</bndbox>
	</object>
	<object>
		<name>door</name>
		<pose>Unspecified</pose>
		<truncated>0</truncated>
		<difficult>0</difficult>
		<bndbox>
			<xmin>834</xmin>
			<ymin>328</ymin>
			<xmax>850</xmax>
			<ymax>340</ymax>
		</bndbox>
	</object>
	<object>
		<name>door</name>
		<pose>Unspecified</pose>
		<truncated>0</truncated>
		<difficult>0</difficult>
		<bndbox>
			<xmin>845</xmin>
			<ymin>373</ymin>
			<xmax>856</xmax>
			<ymax>387</ymax>
		</bndbox>
	</object>
	<object>
		<name>door</name>
		<pose>Unspecified</pose>
		<truncated>0</truncated>
		<difficult>0</difficult>
		<bndbox>
			<xmin>705</xmin>
			<ymin>437</ymin>
			<xmax>720</xmax>
			<ymax>449</ymax>
		</bndbox>
	</object>
	<object>
		<name>door</name>
		<pose>Unspecified</pose>
		<truncated>0</truncated>
		<difficult>0</difficult>
		<bndbox>
			<xmin>697</xmin>
			<ymin>421</ymin>
			<xmax>708</xmax>
			<ymax>434</ymax>
		</bndbox>
	</object>
	<object>
		<name>door</name>
		<pose>Unspecified</pose>
		<truncated>0</truncated>
		<difficult>0</difficult>
		<bndbox>
			<xmin>663</xmin>
			<ymin>413</ymin>
			<xmax>677</xmax>
			<ymax>421</ymax>
		</bndbox>
	</object>
	<object>
		<name>door</name>
		<pose>Unspecified</pose>
		<truncated>0</truncated>
		<difficult>0</difficult>
		<bndbox>
			<xmin>658</xmin>
			<ymin>416</ymin>
			<xmax>669</xmax>
			<ymax>427</ymax>
		</bndbox>
	</object>
	<object>
		<name>lift</name>
		<pose>Unspecified</pose>
		<truncated>0</truncated>
		<difficult>0</difficult>
		<bndbox>
			<xmin>580</xmin>
			<ymin>409</ymin>
			<xmax>612</xmax>
			<ymax>444</ymax>
		</bndbox>
	</object>
	<object>
		<name>door</name>
		<pose>Unspecified</pose>
		<truncated>0</truncated>
		<difficult>0</difficult>
		<bndbox>
			<xmin>690</xmin>
			<ymin>308</ymin>
			<xmax>706</xmax>
			<ymax>324</ymax>
		</bndbox>
	</object>
	<object>
		<name>door</name>
		<pose>Unspecified</pose>
		<truncated>0</truncated>
		<difficult>0</difficult>
		<bndbox>
			<xmin>616</xmin>
			<ymin>479</ymin>
			<xmax>631</xmax>
			<ymax>495</ymax>
		</bndbox>
	</object>
	<object>
		<name>door</name>
		<pose>Unspecified</pose>
		<truncated>0</truncated>
		<difficult>0</difficult>
		<bndbox>
			<xmin>645</xmin>
			<ymin>502</ymin>
			<xmax>658</xmax>
			<ymax>516</ymax>
		</bndbox>
	</object>
	<object>
		<name>door</name>
		<pose>Unspecified</pose>
		<truncated>0</truncated>
		<difficult>0</difficult>
		<bndbox>
			<xmin>635</xmin>
			<ymin>512</ymin>
			<xmax>652</xmax>
			<ymax>528</ymax>
		</bndbox>
	</object>
	<object>
		<name>door</name>
		<pose>Unspecified</pose>
		<truncated>0</truncated>
		<difficult>0</difficult>
		<bndbox>
			<xmin>661</xmin>
			<ymin>328</ymin>
			<xmax>674</xmax>
			<ymax>346</ymax>
		</bndbox>
	</object>
	<object>
		<name>door</name>
		<pose>Unspecified</pose>
		<truncated>0</truncated>
		<difficult>0</difficult>
		<bndbox>
			<xmin>671</xmin>
			<ymin>275</ymin>
			<xmax>684</xmax>
			<ymax>291</ymax>
		</bndbox>
	</object>
	<object>
		<name>door</name>
		<pose>Unspecified</pose>
		<truncated>0</truncated>
		<difficult>0</difficult>
		<bndbox>
			<xmin>684</xmin>
			<ymin>264</ymin>
			<xmax>700</xmax>
			<ymax>279</ymax>
		</bndbox>
	</object>
	<object>
		<name>door</name>
		<pose>Unspecified</pose>
		<truncated>0</truncated>
		<difficult>0</difficult>
		<bndbox>
			<xmin>707</xmin>
			<ymin>297</ymin>
			<xmax>722</xmax>
			<ymax>310</ymax>
		</bndbox>
	</object>
	<object>
		<name>door</name>
		<pose>Unspecified</pose>
		<truncated>0</truncated>
		<difficult>0</difficult>
		<bndbox>
			<xmin>666</xmin>
			<ymin>235</ymin>
			<xmax>681</xmax>
			<ymax>248</ymax>
		</bndbox>
	</object>
	<object>
		<name>door</name>
		<pose>Unspecified</pose>
		<truncated>0</truncated>
		<difficult>0</difficult>
		<bndbox>
			<xmin>649</xmin>
			<ymin>243</ymin>
			<xmax>663</xmax>
			<ymax>259</ymax>
		</bndbox>
	</object>
	<object>
		<name>column_cir</name>
		<pose>Unspecified</pose>
		<truncated>0</truncated>
		<difficult>0</difficult>
		<bndbox>
			<xmin>1051</xmin>
			<ymin>296</ymin>
			<xmax>1067</xmax>
			<ymax>309</ymax>
		</bndbox>
	</object>
	<object>
		<name>door</name>
		<pose>Unspecified</pose>
		<truncated>0</truncated>
		<difficult>0</difficult>
		<bndbox>
			<xmin>684</xmin>
			<ymin>341</ymin>
			<xmax>695</xmax>
			<ymax>359</ymax>
		</bndbox>
	</object>
	<object>
		<name>door</name>
		<pose>Unspecified</pose>
		<truncated>0</truncated>
		<difficult>0</difficult>
		<bndbox>
			<xmin>721</xmin>
			<ymin>317</ymin>
			<xmax>735</xmax>
			<ymax>335</ymax>
		</bndbox>
	</object>
	<object>
		<name>lift</name>
		<pose>Unspecified</pose>
		<truncated>0</truncated>
		<difficult>0</difficult>
		<bndbox>
			<xmin>593</xmin>
			<ymin>423</ymin>
			<xmax>625</xmax>
			<ymax>458</ymax>
		</bndbox>
	</object>
	<object>
		<name>lift</name>
		<pose>Unspecified</pose>
		<truncated>0</truncated>
		<difficult>0</difficult>
		<bndbox>
			<xmin>603</xmin>
			<ymin>446</ymin>
			<xmax>636</xmax>
			<ymax>480</ymax>
		</bndbox>
	</object>
</annotation>