<annotation>
	<folder>arcad</folder>
	<filename>Slide3.JPG</filename>
	<path>/arcad/Slide3.JPG</path>
	<source>
		<database>Unspecified</database>
	</source>
	<size>
		<width>1280</width>
		<height>720</height>
		<depth>3</depth>
	</size>
	<object>
		<name>staircase_up</name>
		<pose>Unspecified</pose>
		<truncated>0</truncated>
		<difficult>0</difficult>
		<bndbox>
			<xmin>682</xmin>
			<ymin>505</ymin>
			<xmax>852</xmax>
			<ymax>553</ymax>
		</bndbox>
	</object>
	<object>
		<name>door_double</name>
		<pose>Unspecified</pose>
		<truncated>0</truncated>
		<difficult>0</difficult>
		<bndbox>
			<xmin>285</xmin>
			<ymin>440</ymin>
			<xmax>321</xmax>
			<ymax>461</ymax>
		</bndbox>
	</object>
	<object>
		<name>door_double</name>
		<pose>Unspecified</pose>
		<truncated>0</truncated>
		<difficult>0</difficult>
		<bndbox>
			<xmin>254</xmin>
			<ymin>367</ymin>
			<xmax>280</xmax>
			<ymax>387</ymax>
		</bndbox>
	</object>
	<object>
		<name>door_double</name>
		<pose>Unspecified</pose>
		<truncated>0</truncated>
		<difficult>0</difficult>
		<bndbox>
			<xmin>360</xmin>
			<ymin>365</ymin>
			<xmax>388</xmax>
			<ymax>387</ymax>
		</bndbox>
	</object>
	<object>
		<name>door_double</name>
		<pose>Unspecified</pose>
		<truncated>0</truncated>
		<difficult>0</difficult>
		<bndbox>
			<xmin>499</xmin>
			<ymin>371</ymin>
			<xmax>526</xmax>
			<ymax>391</ymax>
		</bndbox>
	</object>
	<object>
		<name>door_double</name>
		<pose>Unspecified</pose>
		<truncated>0</truncated>
		<difficult>0</difficult>
		<bndbox>
			<xmin>227</xmin>
			<ymin>348</ymin>
			<xmax>244</xmax>
			<ymax>370</ymax>
		</bndbox>
	</object>
	<object>
		<name>door_double</name>
		<pose>Unspecified</pose>
		<truncated>0</truncated>
		<difficult>0</difficult>
		<bndbox>
			<xmin>537</xmin>
			<ymin>440</ymin>
			<xmax>566</xmax>
			<ymax>464</ymax>
		</bndbox>
	</object>
	<object>
		<name>door_double</name>
		<pose>Unspecified</pose>
		<truncated>0</truncated>
		<difficult>0</difficult>
		<bndbox>
			<xmin>601</xmin>
			<ymin>447</ymin>
			<xmax>625</xmax>
			<ymax>462</ymax>
		</bndbox>
	</object>
	<object>
		<name>door_double</name>
		<pose>Unspecified</pose>
		<truncated>0</truncated>
		<difficult>0</difficult>
		<bndbox>
			<xmin>602</xmin>
			<ymin>503</ymin>
			<xmax>625</xmax>
			<ymax>520</ymax>
		</bndbox>
	</object>
	<object>
		<name>door_double</name>
		<pose>Unspecified</pose>
		<truncated>0</truncated>
		<difficult>0</difficult>
		<bndbox>
			<xmin>682</xmin>
			<ymin>369</ymin>
			<xmax>706</xmax>
			<ymax>388</ymax>
		</bndbox>
	</object>
	<object>
		<name>door_double</name>
		<pose>Unspecified</pose>
		<truncated>0</truncated>
		<difficult>0</difficult>
		<bndbox>
			<xmin>950</xmin>
			<ymin>410</ymin>
			<xmax>978</xmax>
			<ymax>427</ymax>
		</bndbox>
	</object>
	<object>
		<name>door_double</name>
		<pose>Unspecified</pose>
		<truncated>0</truncated>
		<difficult>0</difficult>
		<bndbox>
			<xmin>979</xmin>
			<ymin>428</ymin>
			<xmax>995</xmax>
			<ymax>449</ymax>
		</bndbox>
	</object>
	<object>
		<name>door_double</name>
		<pose>Unspecified</pose>
		<truncated>0</truncated>
		<difficult>0</difficult>
		<bndbox>
			<xmin>952</xmin>
			<ymin>479</ymin>
			<xmax>977</xmax>
			<ymax>495</ymax>
		</bndbox>
	</object>
	<object>
		<name>exterior_wall</name>
		<pose>Unspecified</pose>
		<truncated>0</truncated>
		<difficult>0</difficult>
		<bndbox>
			<xmin>218</xmin>
			<ymin>586</ymin>
			<xmax>1010</xmax>
			<ymax>597</ymax>
		</bndbox>
	</object>
	<object>
		<name>exterior_wall</name>
		<pose>Unspecified</pose>
		<truncated>0</truncated>
		<difficult>0</difficult>
		<bndbox>
			<xmin>1001</xmin>
			<ymin>479</ymin>
			<xmax>1011</xmax>
			<ymax>600</ymax>
		</bndbox>
	</object>
	<object>
		<name>exterior_wall</name>
		<pose>Unspecified</pose>
		<truncated>0</truncated>
		<difficult>0</difficult>
		<bndbox>
			<xmin>977</xmin>
			<ymin>420</ymin>
			<xmax>1077</xmax>
			<ymax>431</ymax>
		</bndbox>
	</object>
	<object>
		<name>exterior_wall</name>
		<pose>Unspecified</pose>
		<truncated>0</truncated>
		<difficult>0</difficult>
		<bndbox>
			<xmin>990</xmin>
			<ymin>474</ymin>
			<xmax>1079</xmax>
			<ymax>484</ymax>
		</bndbox>
	</object>
	<object>
		<name>exterior_wall</name>
		<pose>Unspecified</pose>
		<truncated>0</truncated>
		<difficult>0</difficult>
		<bndbox>
			<xmin>1067</xmin>
			<ymin>419</ymin>
			<xmax>1079</xmax>
			<ymax>436</ymax>
		</bndbox>
	</object>
	<object>
		<name>window</name>
		<pose>Unspecified</pose>
		<truncated>0</truncated>
		<difficult>0</difficult>
		<bndbox>
			<xmin>1066</xmin>
			<ymin>433</ymin>
			<xmax>1081</xmax>
			<ymax>471</ymax>
		</bndbox>
	</object>
	<object>
		<name>staircase_up</name>
		<pose>Unspecified</pose>
		<truncated>0</truncated>
		<difficult>0</difficult>
		<bndbox>
			<xmin>990</xmin>
			<ymin>430</ymin>
			<xmax>1068</xmax>
			<ymax>473</ymax>
		</bndbox>
	</object>
	<object>
		<name>staircase_up</name>
		<pose>Unspecified</pose>
		<truncated>0</truncated>
		<difficult>0</difficult>
		<bndbox>
			<xmin>235</xmin>
			<ymin>232</ymin>
			<xmax>504</xmax>
			<ymax>236</ymax>
		</bndbox>
	</object>
	<object>
		<name>staircase_up</name>
		<pose>Unspecified</pose>
		<truncated>0</truncated>
		<difficult>0</difficult>
		<bndbox>
			<xmin>143</xmin>
			<ymin>341</ymin>
			<xmax>244</xmax>
			<ymax>351</ymax>
		</bndbox>
	</object>
	<object>
		<name>staircase_up</name>
		<pose>Unspecified</pose>
		<truncated>0</truncated>
		<difficult>0</difficult>
		<bndbox>
			<xmin>233</xmin>
			<ymin>230</ymin>
			<xmax>243</xmax>
			<ymax>342</ymax>
		</bndbox>
	</object>
	<object>
		<name>window</name>
		<pose>Unspecified</pose>
		<truncated>0</truncated>
		<difficult>0</difficult>
		<bndbox>
			<xmin>144</xmin>
			<ymin>352</ymin>
			<xmax>154</xmax>
			<ymax>392</ymax>
		</bndbox>
	</object>
	<object>
		<name>exterior_wall</name>
		<pose>Unspecified</pose>
		<truncated>0</truncated>
		<difficult>0</difficult>
		<bndbox>
			<xmin>141</xmin>
			<ymin>393</ymin>
			<xmax>241</xmax>
			<ymax>405</ymax>
		</bndbox>
	</object>
	<object>
		<name>exterior_wall</name>
		<pose>Unspecified</pose>
		<truncated>0</truncated>
		<difficult>0</difficult>
		<bndbox>
			<xmin>218</xmin>
			<ymin>447</ymin>
			<xmax>292</xmax>
			<ymax>452</ymax>
		</bndbox>
	</object>
	<object>
		<name>exterior_wall</name>
		<pose>Unspecified</pose>
		<truncated>0</truncated>
		<difficult>0</difficult>
		<bndbox>
			<xmin>214</xmin>
			<ymin>443</ymin>
			<xmax>226</xmax>
			<ymax>596</ymax>
		</bndbox>
	</object>
	<object>
		<name>exterior_wall</name>
		<pose>Unspecified</pose>
		<truncated>0</truncated>
		<difficult>0</difficult>
		<bndbox>
			<xmin>234</xmin>
			<ymin>399</ymin>
			<xmax>245</xmax>
			<ymax>452</ymax>
		</bndbox>
	</object>
	<object>
		<name>staircase_up</name>
		<pose>Unspecified</pose>
		<truncated>0</truncated>
		<difficult>0</difficult>
		<bndbox>
			<xmin>153</xmin>
			<ymin>349</ymin>
			<xmax>233</xmax>
			<ymax>394</ymax>
		</bndbox>
	</object>
	<object>
		<name>lift</name>
		<pose>Unspecified</pose>
		<truncated>0</truncated>
		<difficult>0</difficult>
		<bndbox>
			<xmin>295</xmin>
			<ymin>254</ymin>
			<xmax>346</xmax>
			<ymax>294</ymax>
		</bndbox>
	</object>
	<object>
		<name>lift</name>
		<pose>Unspecified</pose>
		<truncated>0</truncated>
		<difficult>0</difficult>
		<bndbox>
			<xmin>295</xmin>
			<ymin>302</ymin>
			<xmax>334</xmax>
			<ymax>341</ymax>
		</bndbox>
	</object>
	<object>
		<name>column_reg</name>
		<pose>Unspecified</pose>
		<truncated>0</truncated>
		<difficult>0</difficult>
		<bndbox>
			<xmin>384</xmin>
			<ymin>250</ymin>
			<xmax>401</xmax>
			<ymax>268</ymax>
		</bndbox>
	</object>
	<object>
		<name>column_reg</name>
		<pose>Unspecified</pose>
		<truncated>0</truncated>
		<difficult>0</difficult>
		<bndbox>
			<xmin>524</xmin>
			<ymin>251</ymin>
			<xmax>542</xmax>
			<ymax>270</ymax>
		</bndbox>
	</object>
	<object>
		<name>column_reg</name>
		<pose>Unspecified</pose>
		<truncated>0</truncated>
		<difficult>0</difficult>
		<bndbox>
			<xmin>664</xmin>
			<ymin>251</ymin>
			<xmax>683</xmax>
			<ymax>273</ymax>
		</bndbox>
	</object>
	<object>
		<name>column_reg</name>
		<pose>Unspecified</pose>
		<truncated>0</truncated>
		<difficult>0</difficult>
		<bndbox>
			<xmin>385</xmin>
			<ymin>368</ymin>
			<xmax>402</xmax>
			<ymax>387</ymax>
		</bndbox>
	</object>
	<object>
		<name>column_reg</name>
		<pose>Unspecified</pose>
		<truncated>0</truncated>
		<difficult>0</difficult>
		<bndbox>
			<xmin>524</xmin>
			<ymin>370</ymin>
			<xmax>546</xmax>
			<ymax>385</ymax>
		</bndbox>
	</object>
	<object>
		<name>column_reg</name>
		<pose>Unspecified</pose>
		<truncated>0</truncated>
		<difficult>0</difficult>
		<bndbox>
			<xmin>385</xmin>
			<ymin>553</ymin>
			<xmax>401</xmax>
			<ymax>575</ymax>
		</bndbox>
	</object>
	<object>
		<name>column_reg</name>
		<pose>Unspecified</pose>
		<truncated>0</truncated>
		<difficult>0</difficult>
		<bndbox>
			<xmin>244</xmin>
			<ymin>554</ymin>
			<xmax>263</xmax>
			<ymax>573</ymax>
		</bndbox>
	</object>
	<object>
		<name>column_reg</name>
		<pose>Unspecified</pose>
		<truncated>0</truncated>
		<difficult>0</difficult>
		<bndbox>
			<xmin>524</xmin>
			<ymin>557</ymin>
			<xmax>543</xmax>
			<ymax>574</ymax>
		</bndbox>
	</object>
	<object>
		<name>column_reg</name>
		<pose>Unspecified</pose>
		<truncated>0</truncated>
		<difficult>0</difficult>
		<bndbox>
			<xmin>667</xmin>
			<ymin>366</ymin>
			<xmax>686</xmax>
			<ymax>388</ymax>
		</bndbox>
	</object>
	<object>
		<name>column_reg</name>
		<pose>Unspecified</pose>
		<truncated>0</truncated>
		<difficult>0</difficult>
		<bndbox>
			<xmin>803</xmin>
			<ymin>250</ymin>
			<xmax>825</xmax>
			<ymax>271</ymax>
		</bndbox>
	</object>
	<object>
		<name>column_reg</name>
		<pose>Unspecified</pose>
		<truncated>0</truncated>
		<difficult>0</difficult>
		<bndbox>
			<xmin>803</xmin>
			<ymin>366</ymin>
			<xmax>828</xmax>
			<ymax>389</ymax>
		</bndbox>
	</object>
	<object>
		<name>column_reg</name>
		<pose>Unspecified</pose>
		<truncated>0</truncated>
		<difficult>0</difficult>
		<bndbox>
			<xmin>944</xmin>
			<ymin>364</ymin>
			<xmax>967</xmax>
			<ymax>388</ymax>
		</bndbox>
	</object>
	<object>
		<name>column_reg</name>
		<pose>Unspecified</pose>
		<truncated>0</truncated>
		<difficult>0</difficult>
		<bndbox>
			<xmin>947</xmin>
			<ymin>552</ymin>
			<xmax>965</xmax>
			<ymax>578</ymax>
		</bndbox>
	</object>
	<object>
		<name>column_reg</name>
		<pose>Unspecified</pose>
		<truncated>0</truncated>
		<difficult>0</difficult>
		<bndbox>
			<xmin>805</xmin>
			<ymin>555</ymin>
			<xmax>828</xmax>
			<ymax>575</ymax>
		</bndbox>
	</object>
	<object>
		<name>column_reg</name>
		<pose>Unspecified</pose>
		<truncated>0</truncated>
		<difficult>0</difficult>
		<bndbox>
			<xmin>805</xmin>
			<ymin>132</ymin>
			<xmax>823</xmax>
			<ymax>152</ymax>
		</bndbox>
	</object>
	<object>
		<name>column_reg</name>
		<pose>Unspecified</pose>
		<truncated>0</truncated>
		<difficult>0</difficult>
		<bndbox>
			<xmin>946</xmin>
			<ymin>135</ymin>
			<xmax>966</xmax>
			<ymax>152</ymax>
		</bndbox>
	</object>
	<object>
		<name>column_reg</name>
		<pose>Unspecified</pose>
		<truncated>0</truncated>
		<difficult>0</difficult>
		<bndbox>
			<xmin>946</xmin>
			<ymin>249</ymin>
			<xmax>965</xmax>
			<ymax>271</ymax>
		</bndbox>
	</object>
	<object>
		<name>column_reg</name>
		<pose>Unspecified</pose>
		<truncated>0</truncated>
		<difficult>0</difficult>
		<bndbox>
			<xmin>664</xmin>
			<ymin>133</ymin>
			<xmax>687</xmax>
			<ymax>152</ymax>
		</bndbox>
	</object>
	<object>
		<name>column_reg</name>
		<pose>Unspecified</pose>
		<truncated>0</truncated>
		<difficult>0</difficult>
		<bndbox>
			<xmin>525</xmin>
			<ymin>134</ymin>
			<xmax>545</xmax>
			<ymax>150</ymax>
		</bndbox>
	</object>
	<object>
		<name>interior_wall</name>
		<pose>Unspecified</pose>
		<truncated>0</truncated>
		<difficult>0</difficult>
		<bndbox>
			<xmin>311</xmin>
			<ymin>445</ymin>
			<xmax>542</xmax>
			<ymax>454</ymax>
		</bndbox>
	</object>
	<object>
		<name>interior_wall</name>
		<pose>Unspecified</pose>
		<truncated>0</truncated>
		<difficult>0</difficult>
		<bndbox>
			<xmin>312</xmin>
			<ymin>441</ymin>
			<xmax>323</xmax>
			<ymax>469</ymax>
		</bndbox>
	</object>
	<object>
		<name>interior_wall</name>
		<pose>Unspecified</pose>
		<truncated>0</truncated>
		<difficult>0</difficult>
		<bndbox>
			<xmin>283</xmin>
			<ymin>442</ymin>
			<xmax>292</xmax>
			<ymax>468</ymax>
		</bndbox>
	</object>
	<object>
		<name>interior_wall</name>
		<pose>Unspecified</pose>
		<truncated>0</truncated>
		<difficult>0</difficult>
		<bndbox>
			<xmin>533</xmin>
			<ymin>444</ymin>
			<xmax>540</xmax>
			<ymax>462</ymax>
		</bndbox>
	</object>
	<object>
		<name>interior_wall</name>
		<pose>Unspecified</pose>
		<truncated>0</truncated>
		<difficult>0</difficult>
		<bndbox>
			<xmin>402</xmin>
			<ymin>377</ymin>
			<xmax>502</xmax>
			<ymax>388</ymax>
		</bndbox>
	</object>
	<object>
		<name>interior_wall</name>
		<pose>Unspecified</pose>
		<truncated>0</truncated>
		<difficult>0</difficult>
		<bndbox>
			<xmin>496</xmin>
			<ymin>234</ymin>
			<xmax>504</xmax>
			<ymax>389</ymax>
		</bndbox>
	</object>
	<object>
		<name>interior_wall</name>
		<pose>Unspecified</pose>
		<truncated>0</truncated>
		<difficult>0</difficult>
		<bndbox>
			<xmin>285</xmin>
			<ymin>340</ymin>
			<xmax>359</xmax>
			<ymax>350</ymax>
		</bndbox>
	</object>
	<object>
		<name>interior_wall</name>
		<pose>Unspecified</pose>
		<truncated>0</truncated>
		<difficult>0</difficult>
		<bndbox>
			<xmin>277</xmin>
			<ymin>379</ymin>
			<xmax>294</xmax>
			<ymax>389</ymax>
		</bndbox>
	</object>
	<object>
		<name>interior_wall</name>
		<pose>Unspecified</pose>
		<truncated>0</truncated>
		<difficult>0</difficult>
		<bndbox>
			<xmin>285</xmin>
			<ymin>334</ymin>
			<xmax>294</xmax>
			<ymax>396</ymax>
		</bndbox>
	</object>
	<object>
		<name>interior_wall</name>
		<pose>Unspecified</pose>
		<truncated>0</truncated>
		<difficult>0</difficult>
		<bndbox>
			<xmin>346</xmin>
			<ymin>339</ymin>
			<xmax>353</xmax>
			<ymax>389</ymax>
		</bndbox>
	</object>
	<object>
		<name>interior_wall</name>
		<pose>Unspecified</pose>
		<truncated>0</truncated>
		<difficult>0</difficult>
		<bndbox>
			<xmin>347</xmin>
			<ymin>378</ymin>
			<xmax>365</xmax>
			<ymax>388</ymax>
		</bndbox>
	</object>
	<object>
		<name>interior_wall</name>
		<pose>Unspecified</pose>
		<truncated>0</truncated>
		<difficult>0</difficult>
		<bndbox>
			<xmin>240</xmin>
			<ymin>379</ymin>
			<xmax>255</xmax>
			<ymax>388</ymax>
		</bndbox>
	</object>
	<object>
		<name>staircase_down</name>
		<pose>Unspecified</pose>
		<truncated>0</truncated>
		<difficult>0</difficult>
		<bndbox>
			<xmin>713</xmin>
			<ymin>187</ymin>
			<xmax>744</xmax>
			<ymax>343</ymax>
		</bndbox>
	</object>
	<object>
		<name>interior_wall</name>
		<pose>Unspecified</pose>
		<truncated>0</truncated>
		<difficult>0</difficult>
		<bndbox>
			<xmin>774</xmin>
			<ymin>404</ymin>
			<xmax>959</xmax>
			<ymax>414</ymax>
		</bndbox>
	</object>
	<object>
		<name>interior_wall</name>
		<pose>Unspecified</pose>
		<truncated>0</truncated>
		<difficult>0</difficult>
		<bndbox>
			<xmin>946</xmin>
			<ymin>403</ymin>
			<xmax>954</xmax>
			<ymax>487</ymax>
		</bndbox>
	</object>
	<object>
		<name>interior_wall</name>
		<pose>Unspecified</pose>
		<truncated>0</truncated>
		<difficult>0</difficult>
		<bndbox>
			<xmin>675</xmin>
			<ymin>497</ymin>
			<xmax>859</xmax>
			<ymax>509</ymax>
		</bndbox>
	</object>
	<object>
		<name>interior_wall</name>
		<pose>Unspecified</pose>
		<truncated>0</truncated>
		<difficult>0</difficult>
		<bndbox>
			<xmin>848</xmin>
			<ymin>495</ymin>
			<xmax>860</xmax>
			<ymax>566</ymax>
		</bndbox>
	</object>
	<object>
		<name>interior_wall</name>
		<pose>Unspecified</pose>
		<truncated>0</truncated>
		<difficult>0</difficult>
		<bndbox>
			<xmin>676</xmin>
			<ymin>554</ymin>
			<xmax>863</xmax>
			<ymax>562</ymax>
		</bndbox>
	</object>
	<object>
		<name>column_reg</name>
		<pose>Unspecified</pose>
		<truncated>0</truncated>
		<difficult>0</difficult>
		<bndbox>
			<xmin>665</xmin>
			<ymin>556</ymin>
			<xmax>682</xmax>
			<ymax>576</ymax>
		</bndbox>
	</object>
	<object>
		<name>interior_wall</name>
		<pose>Unspecified</pose>
		<truncated>0</truncated>
		<difficult>0</difficult>
		<bndbox>
			<xmin>675</xmin>
			<ymin>568</ymin>
			<xmax>685</xmax>
			<ymax>594</ymax>
		</bndbox>
	</object>
	<object>
		<name>interior_wall</name>
		<pose>Unspecified</pose>
		<truncated>0</truncated>
		<difficult>0</difficult>
		<bndbox>
			<xmin>581</xmin>
			<ymin>443</ymin>
			<xmax>589</xmax>
			<ymax>550</ymax>
		</bndbox>
	</object>
	<object>
		<name>interior_wall</name>
		<pose>Unspecified</pose>
		<truncated>0</truncated>
		<difficult>0</difficult>
		<bndbox>
			<xmin>559</xmin>
			<ymin>446</ymin>
			<xmax>604</xmax>
			<ymax>452</ymax>
		</bndbox>
	</object>
	<object>
		<name>interior_wall</name>
		<pose>Unspecified</pose>
		<truncated>0</truncated>
		<difficult>0</difficult>
		<bndbox>
			<xmin>595</xmin>
			<ymin>437</ymin>
			<xmax>604</xmax>
			<ymax>594</ymax>
		</bndbox>
	</object>
	<object>
		<name>interior_wall</name>
		<pose>Unspecified</pose>
		<truncated>0</truncated>
		<difficult>0</difficult>
		<bndbox>
			<xmin>676</xmin>
			<ymin>496</ymin>
			<xmax>685</xmax>
			<ymax>561</ymax>
		</bndbox>
	</object>
	<object>
		<name>interior_wall</name>
		<pose>Unspecified</pose>
		<truncated>0</truncated>
		<difficult>0</difficult>
		<bndbox>
			<xmin>674</xmin>
			<ymin>401</ymin>
			<xmax>753</xmax>
			<ymax>415</ymax>
		</bndbox>
	</object>
	<object>
		<name>interior_wall</name>
		<pose>Unspecified</pose>
		<truncated>0</truncated>
		<difficult>0</difficult>
		<bndbox>
			<xmin>742</xmin>
			<ymin>423</ymin>
			<xmax>750</xmax>
			<ymax>459</ymax>
		</bndbox>
	</object>
	<object>
		<name>interior_wall</name>
		<pose>Unspecified</pose>
		<truncated>0</truncated>
		<difficult>0</difficult>
		<bndbox>
			<xmin>712</xmin>
			<ymin>450</ymin>
			<xmax>748</xmax>
			<ymax>457</ymax>
		</bndbox>
	</object>
	<object>
		<name>interior_wall</name>
		<pose>Unspecified</pose>
		<truncated>0</truncated>
		<difficult>0</difficult>
		<bndbox>
			<xmin>748</xmin>
			<ymin>426</ymin>
			<xmax>793</xmax>
			<ymax>433</ymax>
		</bndbox>
	</object>
	<object>
		<name>interior_wall</name>
		<pose>Unspecified</pose>
		<truncated>0</truncated>
		<difficult>0</difficult>
		<bndbox>
			<xmin>808</xmin>
			<ymin>406</ymin>
			<xmax>820</xmax>
			<ymax>502</ymax>
		</bndbox>
	</object>
	<object>
		<name>interior_wall</name>
		<pose>Unspecified</pose>
		<truncated>0</truncated>
		<difficult>0</difficult>
		<bndbox>
			<xmin>757</xmin>
			<ymin>430</ymin>
			<xmax>770</xmax>
			<ymax>504</ymax>
		</bndbox>
	</object>
	<object>
		<name>interior_wall</name>
		<pose>Unspecified</pose>
		<truncated>0</truncated>
		<difficult>0</difficult>
		<bndbox>
			<xmin>735</xmin>
			<ymin>453</ymin>
			<xmax>744</xmax>
			<ymax>504</ymax>
		</bndbox>
	</object>
	<object>
		<name>interior_wall</name>
		<pose>Unspecified</pose>
		<truncated>0</truncated>
		<difficult>0</difficult>
		<bndbox>
			<xmin>676</xmin>
			<ymin>426</ymin>
			<xmax>703</xmax>
			<ymax>433</ymax>
		</bndbox>
	</object>
	<object>
		<name>interior_wall</name>
		<pose>Unspecified</pose>
		<truncated>0</truncated>
		<difficult>0</difficult>
		<bndbox>
			<xmin>676</xmin>
			<ymin>404</ymin>
			<xmax>689</xmax>
			<ymax>510</ymax>
		</bndbox>
	</object>
	<object>
		<name>interior_wall</name>
		<pose>Unspecified</pose>
		<truncated>0</truncated>
		<difficult>0</difficult>
		<bndbox>
			<xmin>623</xmin>
			<ymin>471</ymin>
			<xmax>690</xmax>
			<ymax>480</ymax>
		</bndbox>
	</object>
	<object>
		<name>door</name>
		<pose>Unspecified</pose>
		<truncated>0</truncated>
		<difficult>0</difficult>
		<bndbox>
			<xmin>620</xmin>
			<ymin>476</ymin>
			<xmax>646</xmax>
			<ymax>494</ymax>
		</bndbox>
	</object>
	<object>
		<name>door</name>
		<pose>Unspecified</pose>
		<truncated>0</truncated>
		<difficult>0</difficult>
		<bndbox>
			<xmin>622</xmin>
			<ymin>455</ymin>
			<xmax>646</xmax>
			<ymax>475</ymax>
		</bndbox>
	</object>
	<object>
		<name>door</name>
		<pose>Unspecified</pose>
		<truncated>0</truncated>
		<difficult>0</difficult>
		<bndbox>
			<xmin>685</xmin>
			<ymin>405</ymin>
			<xmax>708</xmax>
			<ymax>428</ymax>
		</bndbox>
	</object>
	<object>
		<name>door_double</name>
		<pose>Unspecified</pose>
		<truncated>0</truncated>
		<difficult>0</difficult>
		<bndbox>
			<xmin>588</xmin>
			<ymin>288</ymin>
			<xmax>619</xmax>
			<ymax>307</ymax>
		</bndbox>
	</object>
	<object>
		<name>interior_wall</name>
		<pose>Unspecified</pose>
		<truncated>0</truncated>
		<difficult>0</difficult>
		<bndbox>
			<xmin>613</xmin>
			<ymin>288</ymin>
			<xmax>673</xmax>
			<ymax>297</ymax>
		</bndbox>
	</object>
	<object>
		<name>interior_wall</name>
		<pose>Unspecified</pose>
		<truncated>0</truncated>
		<difficult>0</difficult>
		<bndbox>
			<xmin>665</xmin>
			<ymin>288</ymin>
			<xmax>674</xmax>
			<ymax>374</ymax>
		</bndbox>
	</object>
	<object>
		<name>interior_wall</name>
		<pose>Unspecified</pose>
		<truncated>0</truncated>
		<difficult>0</difficult>
		<bndbox>
			<xmin>737</xmin>
			<ymin>337</ymin>
			<xmax>747</xmax>
			<ymax>378</ymax>
		</bndbox>
	</object>
	<object>
		<name>interior_wall</name>
		<pose>Unspecified</pose>
		<truncated>0</truncated>
		<difficult>0</difficult>
		<bndbox>
			<xmin>705</xmin>
			<ymin>369</ymin>
			<xmax>812</xmax>
			<ymax>378</ymax>
		</bndbox>
	</object>
	<object>
		<name>interior_wall</name>
		<pose>Unspecified</pose>
		<truncated>0</truncated>
		<difficult>0</difficult>
		<bndbox>
			<xmin>404</xmin>
			<ymin>407</ymin>
			<xmax>531</xmax>
			<ymax>415</ymax>
		</bndbox>
	</object>
	<object>
		<name>interior_wall</name>
		<pose>Unspecified</pose>
		<truncated>0</truncated>
		<difficult>0</difficult>
		<bndbox>
			<xmin>534</xmin>
			<ymin>288</ymin>
			<xmax>543</xmax>
			<ymax>371</ymax>
		</bndbox>
	</object>
	<object>
		<name>interior_wall</name>
		<pose>Unspecified</pose>
		<truncated>0</truncated>
		<difficult>0</difficult>
		<bndbox>
			<xmin>533</xmin>
			<ymin>346</ymin>
			<xmax>568</xmax>
			<ymax>353</ymax>
		</bndbox>
	</object>
	<object>
		<name>interior_wall</name>
		<pose>Unspecified</pose>
		<truncated>0</truncated>
		<difficult>0</difficult>
		<bndbox>
			<xmin>554</xmin>
			<ymin>345</ymin>
			<xmax>567</xmax>
			<ymax>388</ymax>
		</bndbox>
	</object>
	<object>
		<name>interior_wall</name>
		<pose>Unspecified</pose>
		<truncated>0</truncated>
		<difficult>0</difficult>
		<bndbox>
			<xmin>529</xmin>
			<ymin>375</ymin>
			<xmax>570</xmax>
			<ymax>380</ymax>
		</bndbox>
	</object>
	<object>
		<name>interior_wall</name>
		<pose>Unspecified</pose>
		<truncated>0</truncated>
		<difficult>0</difficult>
		<bndbox>
			<xmin>553</xmin>
			<ymin>379</ymin>
			<xmax>652</xmax>
			<ymax>386</ymax>
		</bndbox>
	</object>
	<object>
		<name>interior_wall</name>
		<pose>Unspecified</pose>
		<truncated>0</truncated>
		<difficult>0</difficult>
		<bndbox>
			<xmin>646</xmin>
			<ymin>347</ymin>
			<xmax>673</xmax>
			<ymax>354</ymax>
		</bndbox>
	</object>
	<object>
		<name>interior_wall</name>
		<pose>Unspecified</pose>
		<truncated>0</truncated>
		<difficult>0</difficult>
		<bndbox>
			<xmin>644</xmin>
			<ymin>347</ymin>
			<xmax>654</xmax>
			<ymax>385</ymax>
		</bndbox>
	</object>
	<object>
		<name>interior_wall</name>
		<pose>Unspecified</pose>
		<truncated>0</truncated>
		<difficult>0</difficult>
		<bndbox>
			<xmin>538</xmin>
			<ymin>287</ymin>
			<xmax>595</xmax>
			<ymax>296</ymax>
		</bndbox>
	</object>
	<object>
		<name>interior_wall</name>
		<pose>Unspecified</pose>
		<truncated>0</truncated>
		<difficult>0</difficult>
		<bndbox>
			<xmin>709</xmin>
			<ymin>101</ymin>
			<xmax>717</xmax>
			<ymax>193</ymax>
		</bndbox>
	</object>
	<object>
		<name>interior_wall</name>
		<pose>Unspecified</pose>
		<truncated>0</truncated>
		<difficult>0</difficult>
		<bndbox>
			<xmin>811</xmin>
			<ymin>368</ymin>
			<xmax>951</xmax>
			<ymax>376</ymax>
		</bndbox>
	</object>
	<object>
		<name>exterior_wall</name>
		<pose>Unspecified</pose>
		<truncated>0</truncated>
		<difficult>0</difficult>
		<bndbox>
			<xmin>525</xmin>
			<ymin>100</ymin>
			<xmax>558</xmax>
			<ymax>111</ymax>
		</bndbox>
	</object>
	<object>
		<name>exterior_wall</name>
		<pose>Unspecified</pose>
		<truncated>0</truncated>
		<difficult>0</difficult>
		<bndbox>
			<xmin>640</xmin>
			<ymin>102</ymin>
			<xmax>677</xmax>
			<ymax>112</ymax>
		</bndbox>
	</object>
	<object>
		<name>exterior_wall</name>
		<pose>Unspecified</pose>
		<truncated>0</truncated>
		<difficult>0</difficult>
		<bndbox>
			<xmin>580</xmin>
			<ymin>103</ymin>
			<xmax>615</xmax>
			<ymax>111</ymax>
		</bndbox>
	</object>
	<object>
		<name>exterior_wall</name>
		<pose>Unspecified</pose>
		<truncated>0</truncated>
		<difficult>0</difficult>
		<bndbox>
			<xmin>695</xmin>
			<ymin>102</ymin>
			<xmax>734</xmax>
			<ymax>111</ymax>
		</bndbox>
	</object>
	<object>
		<name>exterior_wall</name>
		<pose>Unspecified</pose>
		<truncated>0</truncated>
		<difficult>0</difficult>
		<bndbox>
			<xmin>757</xmin>
			<ymin>99</ymin>
			<xmax>790</xmax>
			<ymax>112</ymax>
		</bndbox>
	</object>
	<object>
		<name>exterior_wall</name>
		<pose>Unspecified</pose>
		<truncated>0</truncated>
		<difficult>0</difficult>
		<bndbox>
			<xmin>816</xmin>
			<ymin>99</ymin>
			<xmax>846</xmax>
			<ymax>111</ymax>
		</bndbox>
	</object>
	<object>
		<name>exterior_wall</name>
		<pose>Unspecified</pose>
		<truncated>0</truncated>
		<difficult>0</difficult>
		<bndbox>
			<xmin>874</xmin>
			<ymin>101</ymin>
			<xmax>906</xmax>
			<ymax>114</ymax>
		</bndbox>
	</object>
	<object>
		<name>exterior_wall</name>
		<pose>Unspecified</pose>
		<truncated>0</truncated>
		<difficult>0</difficult>
		<bndbox>
			<xmin>929</xmin>
			<ymin>101</ymin>
			<xmax>967</xmax>
			<ymax>112</ymax>
		</bndbox>
	</object>
	<object>
		<name>exterior_wall</name>
		<pose>Unspecified</pose>
		<truncated>0</truncated>
		<difficult>0</difficult>
		<bndbox>
			<xmin>981</xmin>
			<ymin>127</ymin>
			<xmax>995</xmax>
			<ymax>165</ymax>
		</bndbox>
	</object>
	<object>
		<name>exterior_wall</name>
		<pose>Unspecified</pose>
		<truncated>0</truncated>
		<difficult>0</difficult>
		<bndbox>
			<xmin>983</xmin>
			<ymin>188</ymin>
			<xmax>994</xmax>
			<ymax>223</ymax>
		</bndbox>
	</object>
	<object>
		<name>exterior_wall</name>
		<pose>Unspecified</pose>
		<truncated>0</truncated>
		<difficult>0</difficult>
		<bndbox>
			<xmin>984</xmin>
			<ymin>245</ymin>
			<xmax>994</xmax>
			<ymax>279</ymax>
		</bndbox>
	</object>
	<object>
		<name>exterior_wall</name>
		<pose>Unspecified</pose>
		<truncated>0</truncated>
		<difficult>0</difficult>
		<bndbox>
			<xmin>986</xmin>
			<ymin>304</ymin>
			<xmax>992</xmax>
			<ymax>338</ymax>
		</bndbox>
	</object>
	<object>
		<name>exterior_wall</name>
		<pose>Unspecified</pose>
		<truncated>0</truncated>
		<difficult>0</difficult>
		<bndbox>
			<xmin>982</xmin>
			<ymin>363</ymin>
			<xmax>992</xmax>
			<ymax>384</ymax>
		</bndbox>
	</object>
	<object>
		<name>exterior_wall</name>
		<pose>Unspecified</pose>
		<truncated>0</truncated>
		<difficult>0</difficult>
		<bndbox>
			<xmin>973</xmin>
			<ymin>374</ymin>
			<xmax>999</xmax>
			<ymax>382</ymax>
		</bndbox>
	</object>
	<object>
		<name>window</name>
		<pose>Unspecified</pose>
		<truncated>0</truncated>
		<difficult>0</difficult>
		<bndbox>
			<xmin>972</xmin>
			<ymin>379</ymin>
			<xmax>984</xmax>
			<ymax>408</ymax>
		</bndbox>
	</object>
	<object>
		<name>window</name>
		<pose>Unspecified</pose>
		<truncated>0</truncated>
		<difficult>0</difficult>
		<bndbox>
			<xmin>980</xmin>
			<ymin>333</ymin>
			<xmax>995</xmax>
			<ymax>365</ymax>
		</bndbox>
	</object>
	<object>
		<name>window</name>
		<pose>Unspecified</pose>
		<truncated>0</truncated>
		<difficult>0</difficult>
		<bndbox>
			<xmin>982</xmin>
			<ymin>277</ymin>
			<xmax>998</xmax>
			<ymax>307</ymax>
		</bndbox>
	</object>
	<object>
		<name>window</name>
		<pose>Unspecified</pose>
		<truncated>0</truncated>
		<difficult>0</difficult>
		<bndbox>
			<xmin>981</xmin>
			<ymin>216</ymin>
			<xmax>996</xmax>
			<ymax>253</ymax>
		</bndbox>
	</object>
	<object>
		<name>window</name>
		<pose>Unspecified</pose>
		<truncated>0</truncated>
		<difficult>0</difficult>
		<bndbox>
			<xmin>496</xmin>
			<ymin>98</ymin>
			<xmax>526</xmax>
			<ymax>111</ymax>
		</bndbox>
	</object>
	<object>
		<name>window</name>
		<pose>Unspecified</pose>
		<truncated>0</truncated>
		<difficult>0</difficult>
		<bndbox>
			<xmin>496</xmin>
			<ymin>99</ymin>
			<xmax>506</xmax>
			<ymax>133</ymax>
		</bndbox>
	</object>
	<object>
		<name>window</name>
		<pose>Unspecified</pose>
		<truncated>0</truncated>
		<difficult>0</difficult>
		<bndbox>
			<xmin>494</xmin>
			<ymin>162</ymin>
			<xmax>506</xmax>
			<ymax>189</ymax>
		</bndbox>
	</object>
	<object>
		<name>exterior_wall</name>
		<pose>Unspecified</pose>
		<truncated>0</truncated>
		<difficult>0</difficult>
		<bndbox>
			<xmin>495</xmin>
			<ymin>185</ymin>
			<xmax>506</xmax>
			<ymax>233</ymax>
		</bndbox>
	</object>
	<object>
		<name>exterior_wall</name>
		<pose>Unspecified</pose>
		<truncated>0</truncated>
		<difficult>0</difficult>
		<bndbox>
			<xmin>494</xmin>
			<ymin>130</ymin>
			<xmax>505</xmax>
			<ymax>161</ymax>
		</bndbox>
	</object>
	<object>
		<name>window</name>
		<pose>Unspecified</pose>
		<truncated>0</truncated>
		<difficult>0</difficult>
		<bndbox>
			<xmin>557</xmin>
			<ymin>100</ymin>
			<xmax>585</xmax>
			<ymax>111</ymax>
		</bndbox>
	</object>
	<object>
		<name>window</name>
		<pose>Unspecified</pose>
		<truncated>0</truncated>
		<difficult>0</difficult>
		<bndbox>
			<xmin>613</xmin>
			<ymin>102</ymin>
			<xmax>643</xmax>
			<ymax>110</ymax>
		</bndbox>
	</object>
	<object>
		<name>window</name>
		<pose>Unspecified</pose>
		<truncated>0</truncated>
		<difficult>0</difficult>
		<bndbox>
			<xmin>668</xmin>
			<ymin>100</ymin>
			<xmax>700</xmax>
			<ymax>112</ymax>
		</bndbox>
	</object>
	<object>
		<name>window</name>
		<pose>Unspecified</pose>
		<truncated>0</truncated>
		<difficult>0</difficult>
		<bndbox>
			<xmin>731</xmin>
			<ymin>100</ymin>
			<xmax>760</xmax>
			<ymax>111</ymax>
		</bndbox>
	</object>
	<object>
		<name>window</name>
		<pose>Unspecified</pose>
		<truncated>0</truncated>
		<difficult>0</difficult>
		<bndbox>
			<xmin>785</xmin>
			<ymin>99</ymin>
			<xmax>819</xmax>
			<ymax>113</ymax>
		</bndbox>
	</object>
	<object>
		<name>window</name>
		<pose>Unspecified</pose>
		<truncated>0</truncated>
		<difficult>0</difficult>
		<bndbox>
			<xmin>844</xmin>
			<ymin>98</ymin>
			<xmax>875</xmax>
			<ymax>113</ymax>
		</bndbox>
	</object>
	<object>
		<name>window</name>
		<pose>Unspecified</pose>
		<truncated>0</truncated>
		<difficult>0</difficult>
		<bndbox>
			<xmin>905</xmin>
			<ymin>100</ymin>
			<xmax>931</xmax>
			<ymax>111</ymax>
		</bndbox>
	</object>
	<object>
		<name>window</name>
		<pose>Unspecified</pose>
		<truncated>0</truncated>
		<difficult>0</difficult>
		<bndbox>
			<xmin>966</xmin>
			<ymin>98</ymin>
			<xmax>996</xmax>
			<ymax>112</ymax>
		</bndbox>
	</object>
	<object>
		<name>window</name>
		<pose>Unspecified</pose>
		<truncated>0</truncated>
		<difficult>0</difficult>
		<bndbox>
			<xmin>981</xmin>
			<ymin>99</ymin>
			<xmax>996</xmax>
			<ymax>129</ymax>
		</bndbox>
	</object>
</annotation>