<annotation>
	<folder>arcad</folder>
	<filename>Slide35.JPG</filename>
	<path>/arcad/Slide35.JPG</path>
	<source>
		<database>Unspecified</database>
	</source>
	<size>
		<width>1280</width>
		<height>720</height>
		<depth>3</depth>
	</size>
	<object>
		<name>column_cir</name>
		<pose>Unspecified</pose>
		<truncated>0</truncated>
		<difficult>0</difficult>
		<bndbox>
			<xmin>642</xmin>
			<ymin>328</ymin>
			<xmax>655</xmax>
			<ymax>342</ymax>
		</bndbox>
	</object>
	<object>
		<name>column_cir</name>
		<pose>Unspecified</pose>
		<truncated>0</truncated>
		<difficult>0</difficult>
		<bndbox>
			<xmin>633</xmin>
			<ymin>286</ymin>
			<xmax>648</xmax>
			<ymax>297</ymax>
		</bndbox>
	</object>
	<object>
		<name>column_cir</name>
		<pose>Unspecified</pose>
		<truncated>0</truncated>
		<difficult>0</difficult>
		<bndbox>
			<xmin>696</xmin>
			<ymin>269</ymin>
			<xmax>710</xmax>
			<ymax>282</ymax>
		</bndbox>
	</object>
	<object>
		<name>column_cir</name>
		<pose>Unspecified</pose>
		<truncated>0</truncated>
		<difficult>0</difficult>
		<bndbox>
			<xmin>753</xmin>
			<ymin>307</ymin>
			<xmax>767</xmax>
			<ymax>324</ymax>
		</bndbox>
	</object>
	<object>
		<name>column_cir</name>
		<pose>Unspecified</pose>
		<truncated>0</truncated>
		<difficult>0</difficult>
		<bndbox>
			<xmin>682</xmin>
			<ymin>485</ymin>
			<xmax>695</xmax>
			<ymax>498</ymax>
		</bndbox>
	</object>
	<object>
		<name>column_cir</name>
		<pose>Unspecified</pose>
		<truncated>0</truncated>
		<difficult>0</difficult>
		<bndbox>
			<xmin>649</xmin>
			<ymin>437</ymin>
			<xmax>663</xmax>
			<ymax>450</ymax>
		</bndbox>
	</object>
	<object>
		<name>column_cir</name>
		<pose>Unspecified</pose>
		<truncated>0</truncated>
		<difficult>0</difficult>
		<bndbox>
			<xmin>740</xmin>
			<ymin>446</ymin>
			<xmax>753</xmax>
			<ymax>459</ymax>
		</bndbox>
	</object>
	<object>
		<name>column_cir</name>
		<pose>Unspecified</pose>
		<truncated>0</truncated>
		<difficult>0</difficult>
		<bndbox>
			<xmin>712</xmin>
			<ymin>529</ymin>
			<xmax>729</xmax>
			<ymax>550</ymax>
		</bndbox>
	</object>
	<object>
		<name>column_cir</name>
		<pose>Unspecified</pose>
		<truncated>0</truncated>
		<difficult>0</difficult>
		<bndbox>
			<xmin>723</xmin>
			<ymin>545</ymin>
			<xmax>740</xmax>
			<ymax>566</ymax>
		</bndbox>
	</object>
	<object>
		<name>column_cir</name>
		<pose>Unspecified</pose>
		<truncated>0</truncated>
		<difficult>0</difficult>
		<bndbox>
			<xmin>781</xmin>
			<ymin>511</ymin>
			<xmax>795</xmax>
			<ymax>526</ymax>
		</bndbox>
	</object>
	<object>
		<name>column_cir</name>
		<pose>Unspecified</pose>
		<truncated>0</truncated>
		<difficult>0</difficult>
		<bndbox>
			<xmin>769</xmin>
			<ymin>495</ymin>
			<xmax>785</xmax>
			<ymax>511</ymax>
		</bndbox>
	</object>
	<object>
		<name>column_cir</name>
		<pose>Unspecified</pose>
		<truncated>0</truncated>
		<difficult>0</difficult>
		<bndbox>
			<xmin>813</xmin>
			<ymin>347</ymin>
			<xmax>825</xmax>
			<ymax>361</ymax>
		</bndbox>
	</object>
	<object>
		<name>column_cir</name>
		<pose>Unspecified</pose>
		<truncated>0</truncated>
		<difficult>0</difficult>
		<bndbox>
			<xmin>866</xmin>
			<ymin>386</ymin>
			<xmax>883</xmax>
			<ymax>404</ymax>
		</bndbox>
	</object>
	<object>
		<name>staircase_up</name>
		<pose>Unspecified</pose>
		<truncated>0</truncated>
		<difficult>0</difficult>
		<bndbox>
			<xmin>880</xmin>
			<ymin>381</ymin>
			<xmax>917</xmax>
			<ymax>416</ymax>
		</bndbox>
	</object>
	<object>
		<name>column_cir</name>
		<pose>Unspecified</pose>
		<truncated>0</truncated>
		<difficult>0</difficult>
		<bndbox>
			<xmin>898</xmin>
			<ymin>467</ymin>
			<xmax>914</xmax>
			<ymax>480</ymax>
		</bndbox>
	</object>
	<object>
		<name>column_cir</name>
		<pose>Unspecified</pose>
		<truncated>0</truncated>
		<difficult>0</difficult>
		<bndbox>
			<xmin>928</xmin>
			<ymin>427</ymin>
			<xmax>939</xmax>
			<ymax>442</ymax>
		</bndbox>
	</object>
	<object>
		<name>column_cir</name>
		<pose>Unspecified</pose>
		<truncated>0</truncated>
		<difficult>0</difficult>
		<bndbox>
			<xmin>962</xmin>
			<ymin>452</ymin>
			<xmax>976</xmax>
			<ymax>466</ymax>
		</bndbox>
	</object>
	<object>
		<name>column_cir</name>
		<pose>Unspecified</pose>
		<truncated>0</truncated>
		<difficult>0</difficult>
		<bndbox>
			<xmin>938</xmin>
			<ymin>500</ymin>
			<xmax>955</xmax>
			<ymax>516</ymax>
		</bndbox>
	</object>
	<object>
		<name>staircase_up</name>
		<pose>Unspecified</pose>
		<truncated>0</truncated>
		<difficult>0</difficult>
		<bndbox>
			<xmin>906</xmin>
			<ymin>335</ymin>
			<xmax>933</xmax>
			<ymax>364</ymax>
		</bndbox>
	</object>
	<object>
		<name>door</name>
		<pose>Unspecified</pose>
		<truncated>0</truncated>
		<difficult>0</difficult>
		<bndbox>
			<xmin>923</xmin>
			<ymin>394</ymin>
			<xmax>942</xmax>
			<ymax>411</ymax>
		</bndbox>
	</object>
	<object>
		<name>door</name>
		<pose>Unspecified</pose>
		<truncated>0</truncated>
		<difficult>0</difficult>
		<bndbox>
			<xmin>913</xmin>
			<ymin>410</ymin>
			<xmax>928</xmax>
			<ymax>429</ymax>
		</bndbox>
	</object>
	<object>
		<name>door</name>
		<pose>Unspecified</pose>
		<truncated>0</truncated>
		<difficult>0</difficult>
		<bndbox>
			<xmin>909</xmin>
			<ymin>396</ymin>
			<xmax>923</xmax>
			<ymax>412</ymax>
		</bndbox>
	</object>
	<object>
		<name>door</name>
		<pose>Unspecified</pose>
		<truncated>0</truncated>
		<difficult>0</difficult>
		<bndbox>
			<xmin>763</xmin>
			<ymin>284</ymin>
			<xmax>775</xmax>
			<ymax>297</ymax>
		</bndbox>
	</object>
	<object>
		<name>door</name>
		<pose>Unspecified</pose>
		<truncated>0</truncated>
		<difficult>0</difficult>
		<bndbox>
			<xmin>793</xmin>
			<ymin>329</ymin>
			<xmax>807</xmax>
			<ymax>344</ymax>
		</bndbox>
	</object>
	<object>
		<name>door</name>
		<pose>Unspecified</pose>
		<truncated>0</truncated>
		<difficult>0</difficult>
		<bndbox>
			<xmin>778</xmin>
			<ymin>347</ymin>
			<xmax>791</xmax>
			<ymax>362</ymax>
		</bndbox>
	</object>
	<object>
		<name>door</name>
		<pose>Unspecified</pose>
		<truncated>0</truncated>
		<difficult>0</difficult>
		<bndbox>
			<xmin>748</xmin>
			<ymin>349</ymin>
			<xmax>762</xmax>
			<ymax>367</ymax>
		</bndbox>
	</object>
	<object>
		<name>door</name>
		<pose>Unspecified</pose>
		<truncated>0</truncated>
		<difficult>0</difficult>
		<bndbox>
			<xmin>737</xmin>
			<ymin>357</ymin>
			<xmax>752</xmax>
			<ymax>374</ymax>
		</bndbox>
	</object>
	<object>
		<name>door</name>
		<pose>Unspecified</pose>
		<truncated>0</truncated>
		<difficult>0</difficult>
		<bndbox>
			<xmin>715</xmin>
			<ymin>374</ymin>
			<xmax>727</xmax>
			<ymax>388</ymax>
		</bndbox>
	</object>
	<object>
		<name>door</name>
		<pose>Unspecified</pose>
		<truncated>0</truncated>
		<difficult>0</difficult>
		<bndbox>
			<xmin>703</xmin>
			<ymin>388</ymin>
			<xmax>717</xmax>
			<ymax>401</ymax>
		</bndbox>
	</object>
	<object>
		<name>column_cir</name>
		<pose>Unspecified</pose>
		<truncated>0</truncated>
		<difficult>0</difficult>
		<bndbox>
			<xmin>707</xmin>
			<ymin>398</ymin>
			<xmax>723</xmax>
			<ymax>413</ymax>
		</bndbox>
	</object>
	<object>
		<name>column_cir</name>
		<pose>Unspecified</pose>
		<truncated>0</truncated>
		<difficult>0</difficult>
		<bndbox>
			<xmin>642</xmin>
			<ymin>550</ymin>
			<xmax>654</xmax>
			<ymax>568</ymax>
		</bndbox>
	</object>
	<object>
		<name>column_cir</name>
		<pose>Unspecified</pose>
		<truncated>0</truncated>
		<difficult>0</difficult>
		<bndbox>
			<xmin>624</xmin>
			<ymin>523</ymin>
			<xmax>637</xmax>
			<ymax>540</ymax>
		</bndbox>
	</object>
	<object>
		<name>column_cir</name>
		<pose>Unspecified</pose>
		<truncated>0</truncated>
		<difficult>0</difficult>
		<bndbox>
			<xmin>591</xmin>
			<ymin>475</ymin>
			<xmax>605</xmax>
			<ymax>489</ymax>
		</bndbox>
	</object>
	<object>
		<name>door</name>
		<pose>Unspecified</pose>
		<truncated>0</truncated>
		<difficult>0</difficult>
		<bndbox>
			<xmin>597</xmin>
			<ymin>470</ymin>
			<xmax>613</xmax>
			<ymax>485</ymax>
		</bndbox>
	</object>
	<object>
		<name>column_cir</name>
		<pose>Unspecified</pose>
		<truncated>0</truncated>
		<difficult>0</difficult>
		<bndbox>
			<xmin>512</xmin>
			<ymin>359</ymin>
			<xmax>529</xmax>
			<ymax>377</ymax>
		</bndbox>
	</object>
	<object>
		<name>staircase_up</name>
		<pose>Unspecified</pose>
		<truncated>0</truncated>
		<difficult>0</difficult>
		<bndbox>
			<xmin>724</xmin>
			<ymin>208</ymin>
			<xmax>760</xmax>
			<ymax>261</ymax>
		</bndbox>
	</object>
	<object>
		<name>lift</name>
		<pose>Unspecified</pose>
		<truncated>0</truncated>
		<difficult>0</difficult>
		<bndbox>
			<xmin>781</xmin>
			<ymin>258</ymin>
			<xmax>820</xmax>
			<ymax>289</ymax>
		</bndbox>
	</object>
	<object>
		<name>lift</name>
		<pose>Unspecified</pose>
		<truncated>0</truncated>
		<difficult>0</difficult>
		<bndbox>
			<xmin>797</xmin>
			<ymin>237</ymin>
			<xmax>831</xmax>
			<ymax>265</ymax>
		</bndbox>
	</object>
	<object>
		<name>lift</name>
		<pose>Unspecified</pose>
		<truncated>0</truncated>
		<difficult>0</difficult>
		<bndbox>
			<xmin>756</xmin>
			<ymin>209</ymin>
			<xmax>785</xmax>
			<ymax>244</ymax>
		</bndbox>
	</object>
	<object>
		<name>lift</name>
		<pose>Unspecified</pose>
		<truncated>0</truncated>
		<difficult>0</difficult>
		<bndbox>
			<xmin>743</xmin>
			<ymin>230</ymin>
			<xmax>777</xmax>
			<ymax>263</ymax>
		</bndbox>
	</object>
	<object>
		<name>lift</name>
		<pose>Unspecified</pose>
		<truncated>0</truncated>
		<difficult>0</difficult>
		<bndbox>
			<xmin>586</xmin>
			<ymin>399</ymin>
			<xmax>614</xmax>
			<ymax>426</ymax>
		</bndbox>
	</object>
	<object>
		<name>lift</name>
		<pose>Unspecified</pose>
		<truncated>0</truncated>
		<difficult>0</difficult>
		<bndbox>
			<xmin>599</xmin>
			<ymin>412</ymin>
			<xmax>622</xmax>
			<ymax>450</ymax>
		</bndbox>
	</object>
	<object>
		<name>lift</name>
		<pose>Unspecified</pose>
		<truncated>0</truncated>
		<difficult>0</difficult>
		<bndbox>
			<xmin>610</xmin>
			<ymin>433</ymin>
			<xmax>640</xmax>
			<ymax>463</ymax>
		</bndbox>
	</object>
	<object>
		<name>staircase_up</name>
		<pose>Unspecified</pose>
		<truncated>0</truncated>
		<difficult>0</difficult>
		<bndbox>
			<xmin>346</xmin>
			<ymin>338</ymin>
			<xmax>477</xmax>
			<ymax>501</ymax>
		</bndbox>
	</object>
	<object>
		<name>column_cir</name>
		<pose>Unspecified</pose>
		<truncated>0</truncated>
		<difficult>0</difficult>
		<bndbox>
			<xmin>575</xmin>
			<ymin>322</ymin>
			<xmax>587</xmax>
			<ymax>337</ymax>
		</bndbox>
	</object>
	<object>
		<name>column_cir</name>
		<pose>Unspecified</pose>
		<truncated>0</truncated>
		<difficult>0</difficult>
		<bndbox>
			<xmin>641</xmin>
			<ymin>219</ymin>
			<xmax>658</xmax>
			<ymax>234</ymax>
		</bndbox>
	</object>
</annotation>