<annotation>
	<folder>arcad</folder>
	<filename>Slide7.JPG</filename>
	<path>/arcad/Slide7.JPG</path>
	<source>
		<database>Unspecified</database>
	</source>
	<size>
		<width>1280</width>
		<height>720</height>
		<depth>3</depth>
	</size>
	<object>
		<name>column_reg</name>
		<pose>Unspecified</pose>
		<truncated>0</truncated>
		<difficult>0</difficult>
		<bndbox>
			<xmin>559</xmin>
			<ymin>292</ymin>
			<xmax>580</xmax>
			<ymax>312</ymax>
		</bndbox>
	</object>
	<object>
		<name>column_reg</name>
		<pose>Unspecified</pose>
		<truncated>0</truncated>
		<difficult>0</difficult>
		<bndbox>
			<xmin>397</xmin>
			<ymin>152</ymin>
			<xmax>416</xmax>
			<ymax>174</ymax>
		</bndbox>
	</object>
	<object>
		<name>column_reg</name>
		<pose>Unspecified</pose>
		<truncated>0</truncated>
		<difficult>0</difficult>
		<bndbox>
			<xmin>559</xmin>
			<ymin>157</ymin>
			<xmax>582</xmax>
			<ymax>174</ymax>
		</bndbox>
	</object>
	<object>
		<name>column_reg</name>
		<pose>Unspecified</pose>
		<truncated>0</truncated>
		<difficult>0</difficult>
		<bndbox>
			<xmin>725</xmin>
			<ymin>152</ymin>
			<xmax>746</xmax>
			<ymax>177</ymax>
		</bndbox>
	</object>
	<object>
		<name>column_reg</name>
		<pose>Unspecified</pose>
		<truncated>0</truncated>
		<difficult>0</difficult>
		<bndbox>
			<xmin>727</xmin>
			<ymin>292</ymin>
			<xmax>745</xmax>
			<ymax>314</ymax>
		</bndbox>
	</object>
	<object>
		<name>column_reg</name>
		<pose>Unspecified</pose>
		<truncated>0</truncated>
		<difficult>0</difficult>
		<bndbox>
			<xmin>396</xmin>
			<ymin>294</ymin>
			<xmax>419</xmax>
			<ymax>313</ymax>
		</bndbox>
	</object>
	<object>
		<name>column_reg</name>
		<pose>Unspecified</pose>
		<truncated>0</truncated>
		<difficult>0</difficult>
		<bndbox>
			<xmin>394</xmin>
			<ymin>513</ymin>
			<xmax>418</xmax>
			<ymax>534</ymax>
		</bndbox>
	</object>
	<object>
		<name>column_reg</name>
		<pose>Unspecified</pose>
		<truncated>0</truncated>
		<difficult>0</difficult>
		<bndbox>
			<xmin>558</xmin>
			<ymin>511</ymin>
			<xmax>585</xmax>
			<ymax>537</ymax>
		</bndbox>
	</object>
	<object>
		<name>column_reg</name>
		<pose>Unspecified</pose>
		<truncated>0</truncated>
		<difficult>0</difficult>
		<bndbox>
			<xmin>725</xmin>
			<ymin>511</ymin>
			<xmax>744</xmax>
			<ymax>535</ymax>
		</bndbox>
	</object>
	<object>
		<name>column_reg</name>
		<pose>Unspecified</pose>
		<truncated>0</truncated>
		<difficult>0</difficult>
		<bndbox>
			<xmin>891</xmin>
			<ymin>511</ymin>
			<xmax>912</xmax>
			<ymax>533</ymax>
		</bndbox>
	</object>
	<object>
		<name>column_reg</name>
		<pose>Unspecified</pose>
		<truncated>0</truncated>
		<difficult>0</difficult>
		<bndbox>
			<xmin>1056</xmin>
			<ymin>513</ymin>
			<xmax>1077</xmax>
			<ymax>534</ymax>
		</bndbox>
	</object>
	<object>
		<name>column_reg</name>
		<pose>Unspecified</pose>
		<truncated>0</truncated>
		<difficult>0</difficult>
		<bndbox>
			<xmin>1054</xmin>
			<ymin>290</ymin>
			<xmax>1078</xmax>
			<ymax>312</ymax>
		</bndbox>
	</object>
	<object>
		<name>column_reg</name>
		<pose>Unspecified</pose>
		<truncated>0</truncated>
		<difficult>0</difficult>
		<bndbox>
			<xmin>886</xmin>
			<ymin>292</ymin>
			<xmax>913</xmax>
			<ymax>312</ymax>
		</bndbox>
	</object>
	<object>
		<name>column_reg</name>
		<pose>Unspecified</pose>
		<truncated>0</truncated>
		<difficult>0</difficult>
		<bndbox>
			<xmin>891</xmin>
			<ymin>153</ymin>
			<xmax>913</xmax>
			<ymax>174</ymax>
		</bndbox>
	</object>
	<object>
		<name>column_reg</name>
		<pose>Unspecified</pose>
		<truncated>0</truncated>
		<difficult>0</difficult>
		<bndbox>
			<xmin>1057</xmin>
			<ymin>155</ymin>
			<xmax>1080</xmax>
			<ymax>174</ymax>
		</bndbox>
	</object>
	<object>
		<name>lift</name>
		<pose>Unspecified</pose>
		<truncated>0</truncated>
		<difficult>0</difficult>
		<bndbox>
			<xmin>292</xmin>
			<ymin>157</ymin>
			<xmax>352</xmax>
			<ymax>203</ymax>
		</bndbox>
	</object>
	<object>
		<name>lift</name>
		<pose>Unspecified</pose>
		<truncated>0</truncated>
		<difficult>0</difficult>
		<bndbox>
			<xmin>290</xmin>
			<ymin>209</ymin>
			<xmax>338</xmax>
			<ymax>258</ymax>
		</bndbox>
	</object>
	<object>
		<name>door_double</name>
		<pose>Unspecified</pose>
		<truncated>0</truncated>
		<difficult>0</difficult>
		<bndbox>
			<xmin>242</xmin>
			<ymin>290</ymin>
			<xmax>276</xmax>
			<ymax>311</ymax>
		</bndbox>
	</object>
	<object>
		<name>door_double</name>
		<pose>Unspecified</pose>
		<truncated>0</truncated>
		<difficult>0</difficult>
		<bndbox>
			<xmin>210</xmin>
			<ymin>268</ymin>
			<xmax>233</xmax>
			<ymax>293</ymax>
		</bndbox>
	</object>
	<object>
		<name>door_double</name>
		<pose>Unspecified</pose>
		<truncated>0</truncated>
		<difficult>0</difficult>
		<bndbox>
			<xmin>203</xmin>
			<ymin>404</ymin>
			<xmax>223</xmax>
			<ymax>435</ymax>
		</bndbox>
	</object>
	<object>
		<name>door_double</name>
		<pose>Unspecified</pose>
		<truncated>0</truncated>
		<difficult>0</difficult>
		<bndbox>
			<xmin>367</xmin>
			<ymin>379</ymin>
			<xmax>405</xmax>
			<ymax>402</ymax>
		</bndbox>
	</object>
	<object>
		<name>door_double</name>
		<pose>Unspecified</pose>
		<truncated>0</truncated>
		<difficult>0</difficult>
		<bndbox>
			<xmin>368</xmin>
			<ymin>286</ymin>
			<xmax>403</xmax>
			<ymax>309</ymax>
		</bndbox>
	</object>
	<object>
		<name>door_double</name>
		<pose>Unspecified</pose>
		<truncated>0</truncated>
		<difficult>0</difficult>
		<bndbox>
			<xmin>531</xmin>
			<ymin>287</ymin>
			<xmax>568</xmax>
			<ymax>314</ymax>
		</bndbox>
	</object>
	<object>
		<name>door_double</name>
		<pose>Unspecified</pose>
		<truncated>0</truncated>
		<difficult>0</difficult>
		<bndbox>
			<xmin>578</xmin>
			<ymin>286</ymin>
			<xmax>611</xmax>
			<ymax>311</ymax>
		</bndbox>
	</object>
	<object>
		<name>door_double</name>
		<pose>Unspecified</pose>
		<truncated>0</truncated>
		<difficult>0</difficult>
		<bndbox>
			<xmin>572</xmin>
			<ymin>377</ymin>
			<xmax>608</xmax>
			<ymax>405</ymax>
		</bndbox>
	</object>
	<object>
		<name>door_double</name>
		<pose>Unspecified</pose>
		<truncated>0</truncated>
		<difficult>0</difficult>
		<bndbox>
			<xmin>743</xmin>
			<ymin>286</ymin>
			<xmax>776</xmax>
			<ymax>310</ymax>
		</bndbox>
	</object>
	<object>
		<name>door_double</name>
		<pose>Unspecified</pose>
		<truncated>0</truncated>
		<difficult>0</difficult>
		<bndbox>
			<xmin>695</xmin>
			<ymin>285</ymin>
			<xmax>731</xmax>
			<ymax>311</ymax>
		</bndbox>
	</object>
	<object>
		<name>door_double</name>
		<pose>Unspecified</pose>
		<truncated>0</truncated>
		<difficult>0</difficult>
		<bndbox>
			<xmin>861</xmin>
			<ymin>286</ymin>
			<xmax>895</xmax>
			<ymax>313</ymax>
		</bndbox>
	</object>
	<object>
		<name>door_double</name>
		<pose>Unspecified</pose>
		<truncated>0</truncated>
		<difficult>0</difficult>
		<bndbox>
			<xmin>906</xmin>
			<ymin>287</ymin>
			<xmax>940</xmax>
			<ymax>311</ymax>
		</bndbox>
	</object>
	<object>
		<name>door_double</name>
		<pose>Unspecified</pose>
		<truncated>0</truncated>
		<difficult>0</difficult>
		<bndbox>
			<xmin>1025</xmin>
			<ymin>286</ymin>
			<xmax>1060</xmax>
			<ymax>313</ymax>
		</bndbox>
	</object>
	<object>
		<name>door_double</name>
		<pose>Unspecified</pose>
		<truncated>0</truncated>
		<difficult>0</difficult>
		<bndbox>
			<xmin>1039</xmin>
			<ymin>379</ymin>
			<xmax>1075</xmax>
			<ymax>401</ymax>
		</bndbox>
	</object>
	<object>
		<name>door_double</name>
		<pose>Unspecified</pose>
		<truncated>0</truncated>
		<difficult>0</difficult>
		<bndbox>
			<xmin>1074</xmin>
			<ymin>362</ymin>
			<xmax>1092</xmax>
			<ymax>390</ymax>
		</bndbox>
	</object>
	<object>
		<name>door_double</name>
		<pose>Unspecified</pose>
		<truncated>0</truncated>
		<difficult>0</difficult>
		<bndbox>
			<xmin>1101</xmin>
			<ymin>363</ymin>
			<xmax>1117</xmax>
			<ymax>387</ymax>
		</bndbox>
	</object>
	<object>
		<name>window</name>
		<pose>Unspecified</pose>
		<truncated>0</truncated>
		<difficult>0</difficult>
		<bndbox>
			<xmin>1202</xmin>
			<ymin>367</ymin>
			<xmax>1211</xmax>
			<ymax>415</ymax>
		</bndbox>
	</object>
	<object>
		<name>window</name>
		<pose>Unspecified</pose>
		<truncated>0</truncated>
		<difficult>0</difficult>
		<bndbox>
			<xmin>115</xmin>
			<ymin>272</ymin>
			<xmax>125</xmax>
			<ymax>326</ymax>
		</bndbox>
	</object>
	<object>
		<name>door_double</name>
		<pose>Unspecified</pose>
		<truncated>0</truncated>
		<difficult>0</difficult>
		<bndbox>
			<xmin>1088</xmin>
			<ymin>250</ymin>
			<xmax>1107</xmax>
			<ymax>283</ymax>
		</bndbox>
	</object>
	<object>
		<name>door</name>
		<pose>Unspecified</pose>
		<truncated>0</truncated>
		<difficult>0</difficult>
		<bndbox>
			<xmin>639</xmin>
			<ymin>380</ymin>
			<xmax>660</xmax>
			<ymax>407</ymax>
		</bndbox>
	</object>
	<object>
		<name>door</name>
		<pose>Unspecified</pose>
		<truncated>0</truncated>
		<difficult>0</difficult>
		<bndbox>
			<xmin>714</xmin>
			<ymin>393</ymin>
			<xmax>735</xmax>
			<ymax>416</ymax>
		</bndbox>
	</object>
	<object>
		<name>door</name>
		<pose>Unspecified</pose>
		<truncated>0</truncated>
		<difficult>0</difficult>
		<bndbox>
			<xmin>692</xmin>
			<ymin>420</ymin>
			<xmax>718</xmax>
			<ymax>439</ymax>
		</bndbox>
	</object>
	<object>
		<name>door</name>
		<pose>Unspecified</pose>
		<truncated>0</truncated>
		<difficult>0</difficult>
		<bndbox>
			<xmin>723</xmin>
			<ymin>415</ymin>
			<xmax>745</xmax>
			<ymax>437</ymax>
		</bndbox>
	</object>
	<object>
		<name>door</name>
		<pose>Unspecified</pose>
		<truncated>0</truncated>
		<difficult>0</difficult>
		<bndbox>
			<xmin>713</xmin>
			<ymin>448</ymin>
			<xmax>734</xmax>
			<ymax>471</ymax>
		</bndbox>
	</object>
	<object>
		<name>door</name>
		<pose>Unspecified</pose>
		<truncated>0</truncated>
		<difficult>0</difficult>
		<bndbox>
			<xmin>740</xmin>
			<ymin>438</ymin>
			<xmax>762</xmax>
			<ymax>464</ymax>
		</bndbox>
	</object>
	<object>
		<name>door</name>
		<pose>Unspecified</pose>
		<truncated>0</truncated>
		<difficult>0</difficult>
		<bndbox>
			<xmin>756</xmin>
			<ymin>398</ymin>
			<xmax>782</xmax>
			<ymax>422</ymax>
		</bndbox>
	</object>
	<object>
		<name>door</name>
		<pose>Unspecified</pose>
		<truncated>0</truncated>
		<difficult>0</difficult>
		<bndbox>
			<xmin>840</xmin>
			<ymin>419</ymin>
			<xmax>866</xmax>
			<ymax>443</ymax>
		</bndbox>
	</object>
	<object>
		<name>door</name>
		<pose>Unspecified</pose>
		<truncated>0</truncated>
		<difficult>0</difficult>
		<bndbox>
			<xmin>864</xmin>
			<ymin>438</ymin>
			<xmax>886</xmax>
			<ymax>461</ymax>
		</bndbox>
	</object>
	<object>
		<name>interior_wall</name>
		<pose>Unspecified</pose>
		<truncated>0</truncated>
		<difficult>0</difficult>
		<bndbox>
			<xmin>485</xmin>
			<ymin>144</ymin>
			<xmax>494</xmax>
			<ymax>312</ymax>
		</bndbox>
	</object>
	<object>
		<name>interior_wall</name>
		<pose>Unspecified</pose>
		<truncated>0</truncated>
		<difficult>0</difficult>
		<bndbox>
			<xmin>412</xmin>
			<ymin>303</ymin>
			<xmax>533</xmax>
			<ymax>312</ymax>
		</bndbox>
	</object>
	<object>
		<name>interior_wall</name>
		<pose>Unspecified</pose>
		<truncated>0</truncated>
		<difficult>0</difficult>
		<bndbox>
			<xmin>401</xmin>
			<ymin>382</ymin>
			<xmax>412</xmax>
			<ymax>403</ymax>
		</bndbox>
	</object>
	<object>
		<name>interior_wall</name>
		<pose>Unspecified</pose>
		<truncated>0</truncated>
		<difficult>0</difficult>
		<bndbox>
			<xmin>347</xmin>
			<ymin>382</ymin>
			<xmax>370</xmax>
			<ymax>389</ymax>
		</bndbox>
	</object>
	<object>
		<name>interior_wall</name>
		<pose>Unspecified</pose>
		<truncated>0</truncated>
		<difficult>0</difficult>
		<bndbox>
			<xmin>347</xmin>
			<ymin>382</ymin>
			<xmax>358</xmax>
			<ymax>543</ymax>
		</bndbox>
	</object>
	<object>
		<name>interior_wall</name>
		<pose>Unspecified</pose>
		<truncated>0</truncated>
		<difficult>0</difficult>
		<bndbox>
			<xmin>399</xmin>
			<ymin>382</ymin>
			<xmax>576</xmax>
			<ymax>389</ymax>
		</bndbox>
	</object>
	<object>
		<name>interior_wall</name>
		<pose>Unspecified</pose>
		<truncated>0</truncated>
		<difficult>0</difficult>
		<bndbox>
			<xmin>565</xmin>
			<ymin>384</ymin>
			<xmax>576</xmax>
			<ymax>402</ymax>
		</bndbox>
	</object>
	<object>
		<name>interior_wall</name>
		<pose>Unspecified</pose>
		<truncated>0</truncated>
		<difficult>0</difficult>
		<bndbox>
			<xmin>620</xmin>
			<ymin>476</ymin>
			<xmax>628</xmax>
			<ymax>538</ymax>
		</bndbox>
	</object>
	<object>
		<name>interior_wall</name>
		<pose>Unspecified</pose>
		<truncated>0</truncated>
		<difficult>0</difficult>
		<bndbox>
			<xmin>658</xmin>
			<ymin>381</ymin>
			<xmax>668</xmax>
			<ymax>478</ymax>
		</bndbox>
	</object>
	<object>
		<name>interior_wall</name>
		<pose>Unspecified</pose>
		<truncated>0</truncated>
		<difficult>0</difficult>
		<bndbox>
			<xmin>602</xmin>
			<ymin>382</ymin>
			<xmax>645</xmax>
			<ymax>390</ymax>
		</bndbox>
	</object>
	<object>
		<name>interior_wall</name>
		<pose>Unspecified</pose>
		<truncated>0</truncated>
		<difficult>0</difficult>
		<bndbox>
			<xmin>603</xmin>
			<ymin>382</ymin>
			<xmax>612</xmax>
			<ymax>482</ymax>
		</bndbox>
	</object>
	<object>
		<name>interior_wall</name>
		<pose>Unspecified</pose>
		<truncated>0</truncated>
		<difficult>0</difficult>
		<bndbox>
			<xmin>619</xmin>
			<ymin>384</ymin>
			<xmax>630</xmax>
			<ymax>478</ymax>
		</bndbox>
	</object>
	<object>
		<name>interior_wall</name>
		<pose>Unspecified</pose>
		<truncated>0</truncated>
		<difficult>0</difficult>
		<bndbox>
			<xmin>625</xmin>
			<ymin>471</ymin>
			<xmax>667</xmax>
			<ymax>477</ymax>
		</bndbox>
	</object>
	<object>
		<name>interior_wall</name>
		<pose>Unspecified</pose>
		<truncated>0</truncated>
		<difficult>0</difficult>
		<bndbox>
			<xmin>657</xmin>
			<ymin>382</ymin>
			<xmax>745</xmax>
			<ymax>390</ymax>
		</bndbox>
	</object>
	<object>
		<name>interior_wall</name>
		<pose>Unspecified</pose>
		<truncated>0</truncated>
		<difficult>0</difficult>
		<bndbox>
			<xmin>738</xmin>
			<ymin>380</ymin>
			<xmax>748</xmax>
			<ymax>420</ymax>
		</bndbox>
	</object>
	<object>
		<name>interior_wall</name>
		<pose>Unspecified</pose>
		<truncated>0</truncated>
		<difficult>0</difficult>
		<bndbox>
			<xmin>663</xmin>
			<ymin>414</ymin>
			<xmax>715</xmax>
			<ymax>422</ymax>
		</bndbox>
	</object>
	<object>
		<name>interior_wall</name>
		<pose>Unspecified</pose>
		<truncated>0</truncated>
		<difficult>0</difficult>
		<bndbox>
			<xmin>663</xmin>
			<ymin>448</ymin>
			<xmax>716</xmax>
			<ymax>457</ymax>
		</bndbox>
	</object>
	<object>
		<name>exterior_wall</name>
		<pose>Unspecified</pose>
		<truncated>0</truncated>
		<difficult>0</difficult>
		<bndbox>
			<xmin>359</xmin>
			<ymin>139</ymin>
			<xmax>1099</xmax>
			<ymax>153</ymax>
		</bndbox>
	</object>
	<object>
		<name>curtain_wall</name>
		<pose>Unspecified</pose>
		<truncated>0</truncated>
		<difficult>0</difficult>
		<bndbox>
			<xmin>204</xmin>
			<ymin>533</ymin>
			<xmax>1090</xmax>
			<ymax>550</ymax>
		</bndbox>
	</object>
	<object>
		<name>curtain_wall</name>
		<pose>Unspecified</pose>
		<truncated>0</truncated>
		<difficult>0</difficult>
		<bndbox>
			<xmin>1083</xmin>
			<ymin>420</ymin>
			<xmax>1095</xmax>
			<ymax>545</ymax>
		</bndbox>
	</object>
	<object>
		<name>exterior_wall</name>
		<pose>Unspecified</pose>
		<truncated>0</truncated>
		<difficult>0</difficult>
		<bndbox>
			<xmin>1083</xmin>
			<ymin>419</ymin>
			<xmax>1214</xmax>
			<ymax>432</ymax>
		</bndbox>
	</object>
	<object>
		<name>exterior_wall</name>
		<pose>Unspecified</pose>
		<truncated>0</truncated>
		<difficult>0</difficult>
		<bndbox>
			<xmin>1096</xmin>
			<ymin>352</ymin>
			<xmax>1212</xmax>
			<ymax>368</ymax>
		</bndbox>
	</object>
	<object>
		<name>staircase_up</name>
		<pose>Unspecified</pose>
		<truncated>0</truncated>
		<difficult>0</difficult>
		<bndbox>
			<xmin>1114</xmin>
			<ymin>361</ymin>
			<xmax>1201</xmax>
			<ymax>419</ymax>
		</bndbox>
	</object>
	<object>
		<name>staircase_up</name>
		<pose>Unspecified</pose>
		<truncated>0</truncated>
		<difficult>0</difficult>
		<bndbox>
			<xmin>123</xmin>
			<ymin>269</ymin>
			<xmax>216</xmax>
			<ymax>324</ymax>
		</bndbox>
	</object>
	<object>
		<name>exterior_wall</name>
		<pose>Unspecified</pose>
		<truncated>0</truncated>
		<difficult>0</difficult>
		<bndbox>
			<xmin>112</xmin>
			<ymin>260</ymin>
			<xmax>232</xmax>
			<ymax>270</ymax>
		</bndbox>
	</object>
	<object>
		<name>exterior_wall</name>
		<pose>Unspecified</pose>
		<truncated>0</truncated>
		<difficult>0</difficult>
		<bndbox>
			<xmin>114</xmin>
			<ymin>322</ymin>
			<xmax>227</xmax>
			<ymax>337</ymax>
		</bndbox>
	</object>
	<object>
		<name>exterior_wall</name>
		<pose>Unspecified</pose>
		<truncated>0</truncated>
		<difficult>0</difficult>
		<bndbox>
			<xmin>224</xmin>
			<ymin>326</ymin>
			<xmax>231</xmax>
			<ymax>391</ymax>
		</bndbox>
	</object>
	<object>
		<name>exterior_wall</name>
		<pose>Unspecified</pose>
		<truncated>0</truncated>
		<difficult>0</difficult>
		<bndbox>
			<xmin>212</xmin>
			<ymin>381</ymin>
			<xmax>231</xmax>
			<ymax>390</ymax>
		</bndbox>
	</object>
	<object>
		<name>exterior_wall</name>
		<pose>Unspecified</pose>
		<truncated>0</truncated>
		<difficult>0</difficult>
		<bndbox>
			<xmin>213</xmin>
			<ymin>381</ymin>
			<xmax>219</xmax>
			<ymax>410</ymax>
		</bndbox>
	</object>
	<object>
		<name>exterior_wall</name>
		<pose>Unspecified</pose>
		<truncated>0</truncated>
		<difficult>0</difficult>
		<bndbox>
			<xmin>212</xmin>
			<ymin>431</ymin>
			<xmax>222</xmax>
			<ymax>547</ymax>
		</bndbox>
	</object>
	<object>
		<name>column_reg</name>
		<pose>Unspecified</pose>
		<truncated>0</truncated>
		<difficult>0</difficult>
		<bndbox>
			<xmin>233</xmin>
			<ymin>513</ymin>
			<xmax>252</xmax>
			<ymax>532</ymax>
		</bndbox>
	</object>
	<object>
		<name>interior_wall</name>
		<pose>Unspecified</pose>
		<truncated>0</truncated>
		<difficult>0</difficult>
		<bndbox>
			<xmin>566</xmin>
			<ymin>171</ymin>
			<xmax>577</xmax>
			<ymax>295</ymax>
		</bndbox>
	</object>
	<object>
		<name>interior_wall</name>
		<pose>Unspecified</pose>
		<truncated>0</truncated>
		<difficult>0</difficult>
		<bndbox>
			<xmin>610</xmin>
			<ymin>303</ymin>
			<xmax>696</xmax>
			<ymax>313</ymax>
		</bndbox>
	</object>
	<object>
		<name>interior_wall</name>
		<pose>Unspecified</pose>
		<truncated>0</truncated>
		<difficult>0</difficult>
		<bndbox>
			<xmin>648</xmin>
			<ymin>148</ymin>
			<xmax>660</xmax>
			<ymax>307</ymax>
		</bndbox>
	</object>
	<object>
		<name>interior_wall</name>
		<pose>Unspecified</pose>
		<truncated>0</truncated>
		<difficult>0</difficult>
		<bndbox>
			<xmin>729</xmin>
			<ymin>173</ymin>
			<xmax>743</xmax>
			<ymax>289</ymax>
		</bndbox>
	</object>
	<object>
		<name>interior_wall</name>
		<pose>Unspecified</pose>
		<truncated>0</truncated>
		<difficult>0</difficult>
		<bndbox>
			<xmin>890</xmin>
			<ymin>381</ymin>
			<xmax>1036</xmax>
			<ymax>389</ymax>
		</bndbox>
	</object>
	<object>
		<name>interior_wall</name>
		<pose>Unspecified</pose>
		<truncated>0</truncated>
		<difficult>0</difficult>
		<bndbox>
			<xmin>1028</xmin>
			<ymin>378</ymin>
			<xmax>1039</xmax>
			<ymax>404</ymax>
		</bndbox>
	</object>
	<object>
		<name>interior_wall</name>
		<pose>Unspecified</pose>
		<truncated>0</truncated>
		<difficult>0</difficult>
		<bndbox>
			<xmin>886</xmin>
			<ymin>437</ymin>
			<xmax>899</xmax>
			<ymax>450</ymax>
		</bndbox>
	</object>
	<object>
		<name>interior_wall</name>
		<pose>Unspecified</pose>
		<truncated>0</truncated>
		<difficult>0</difficult>
		<bndbox>
			<xmin>888</xmin>
			<ymin>380</ymin>
			<xmax>900</xmax>
			<ymax>513</ymax>
		</bndbox>
	</object>
	<object>
		<name>interior_wall</name>
		<pose>Unspecified</pose>
		<truncated>0</truncated>
		<difficult>0</difficult>
		<bndbox>
			<xmin>773</xmin>
			<ymin>391</ymin>
			<xmax>867</xmax>
			<ymax>399</ymax>
		</bndbox>
	</object>
	<object>
		<name>interior_wall</name>
		<pose>Unspecified</pose>
		<truncated>0</truncated>
		<difficult>0</difficult>
		<bndbox>
			<xmin>809</xmin>
			<ymin>392</ymin>
			<xmax>819</xmax>
			<ymax>446</ymax>
		</bndbox>
	</object>
	<object>
		<name>interior_wall</name>
		<pose>Unspecified</pose>
		<truncated>0</truncated>
		<difficult>0</difficult>
		<bndbox>
			<xmin>811</xmin>
			<ymin>148</ymin>
			<xmax>824</xmax>
			<ymax>313</ymax>
		</bndbox>
	</object>
	<object>
		<name>interior_wall</name>
		<pose>Unspecified</pose>
		<truncated>0</truncated>
		<difficult>0</difficult>
		<bndbox>
			<xmin>895</xmin>
			<ymin>173</ymin>
			<xmax>906</xmax>
			<ymax>295</ymax>
		</bndbox>
	</object>
	<object>
		<name>interior_wall</name>
		<pose>Unspecified</pose>
		<truncated>0</truncated>
		<difficult>0</difficult>
		<bndbox>
			<xmin>773</xmin>
			<ymin>303</ymin>
			<xmax>864</xmax>
			<ymax>312</ymax>
		</bndbox>
	</object>
	<object>
		<name>interior_wall</name>
		<pose>Unspecified</pose>
		<truncated>0</truncated>
		<difficult>0</difficult>
		<bndbox>
			<xmin>979</xmin>
			<ymin>147</ymin>
			<xmax>988</xmax>
			<ymax>305</ymax>
		</bndbox>
	</object>
	<object>
		<name>curtain_wall</name>
		<pose>Unspecified</pose>
		<truncated>0</truncated>
		<difficult>0</difficult>
		<bndbox>
			<xmin>1085</xmin>
			<ymin>144</ymin>
			<xmax>1097</xmax>
			<ymax>256</ymax>
		</bndbox>
	</object>
	<object>
		<name>interior_wall</name>
		<pose>Unspecified</pose>
		<truncated>0</truncated>
		<difficult>0</difficult>
		<bndbox>
			<xmin>940</xmin>
			<ymin>303</ymin>
			<xmax>1030</xmax>
			<ymax>315</ymax>
		</bndbox>
	</object>
	<object>
		<name>exterior_wall</name>
		<pose>Unspecified</pose>
		<truncated>0</truncated>
		<difficult>0</difficult>
		<bndbox>
			<xmin>224</xmin>
			<ymin>139</ymin>
			<xmax>281</xmax>
			<ymax>152</ymax>
		</bndbox>
	</object>
	<object>
		<name>exterior_wall</name>
		<pose>Unspecified</pose>
		<truncated>0</truncated>
		<difficult>0</difficult>
		<bndbox>
			<xmin>225</xmin>
			<ymin>138</ymin>
			<xmax>238</xmax>
			<ymax>265</ymax>
		</bndbox>
	</object>
	<object>
		<name>interior_wall</name>
		<pose>Unspecified</pose>
		<truncated>0</truncated>
		<difficult>0</difficult>
		<bndbox>
			<xmin>761</xmin>
			<ymin>441</ymin>
			<xmax>812</xmax>
			<ymax>447</ymax>
		</bndbox>
	</object>
</annotation>