<annotation>
	<folder>arcad</folder>
	<filename>Slide34.JPG</filename>
	<path>/arcad/Slide34.JPG</path>
	<source>
		<database>Unspecified</database>
	</source>
	<size>
		<width>1280</width>
		<height>720</height>
		<depth>3</depth>
	</size>
	<object>
		<name>column_cir</name>
		<pose>Unspecified</pose>
		<truncated>0</truncated>
		<difficult>0</difficult>
		<bndbox>
			<xmin>484</xmin>
			<ymin>251</ymin>
			<xmax>504</xmax>
			<ymax>268</ymax>
		</bndbox>
	</object>
	<object>
		<name>column_cir</name>
		<pose>Unspecified</pose>
		<truncated>0</truncated>
		<difficult>0</difficult>
		<bndbox>
			<xmin>556</xmin>
			<ymin>204</ymin>
			<xmax>574</xmax>
			<ymax>221</ymax>
		</bndbox>
	</object>
	<object>
		<name>column_cir</name>
		<pose>Unspecified</pose>
		<truncated>0</truncated>
		<difficult>0</difficult>
		<bndbox>
			<xmin>642</xmin>
			<ymin>212</ymin>
			<xmax>661</xmax>
			<ymax>227</ymax>
		</bndbox>
	</object>
	<object>
		<name>column_cir</name>
		<pose>Unspecified</pose>
		<truncated>0</truncated>
		<difficult>0</difficult>
		<bndbox>
			<xmin>724</xmin>
			<ymin>298</ymin>
			<xmax>740</xmax>
			<ymax>314</ymax>
		</bndbox>
	</object>
	<object>
		<name>column_cir</name>
		<pose>Unspecified</pose>
		<truncated>0</truncated>
		<difficult>0</difficult>
		<bndbox>
			<xmin>679</xmin>
			<ymin>229</ymin>
			<xmax>695</xmax>
			<ymax>246</ymax>
		</bndbox>
	</object>
	<object>
		<name>column_cir</name>
		<pose>Unspecified</pose>
		<truncated>0</truncated>
		<difficult>0</difficult>
		<bndbox>
			<xmin>779</xmin>
			<ymin>186</ymin>
			<xmax>797</xmax>
			<ymax>205</ymax>
		</bndbox>
	</object>
	<object>
		<name>column_cir</name>
		<pose>Unspecified</pose>
		<truncated>0</truncated>
		<difficult>0</difficult>
		<bndbox>
			<xmin>849</xmin>
			<ymin>234</ymin>
			<xmax>868</xmax>
			<ymax>251</ymax>
		</bndbox>
	</object>
	<object>
		<name>column_cir</name>
		<pose>Unspecified</pose>
		<truncated>0</truncated>
		<difficult>0</difficult>
		<bndbox>
			<xmin>650</xmin>
			<ymin>347</ymin>
			<xmax>666</xmax>
			<ymax>362</ymax>
		</bndbox>
	</object>
	<object>
		<name>column_cir</name>
		<pose>Unspecified</pose>
		<truncated>0</truncated>
		<difficult>0</difficult>
		<bndbox>
			<xmin>764</xmin>
			<ymin>360</ymin>
			<xmax>780</xmax>
			<ymax>378</ymax>
		</bndbox>
	</object>
	<object>
		<name>column_cir</name>
		<pose>Unspecified</pose>
		<truncated>0</truncated>
		<difficult>0</difficult>
		<bndbox>
			<xmin>688</xmin>
			<ymin>407</ymin>
			<xmax>710</xmax>
			<ymax>424</ymax>
		</bndbox>
	</object>
	<object>
		<name>column_cir</name>
		<pose>Unspecified</pose>
		<truncated>0</truncated>
		<difficult>0</difficult>
		<bndbox>
			<xmin>724</xmin>
			<ymin>453</ymin>
			<xmax>752</xmax>
			<ymax>493</ymax>
		</bndbox>
	</object>
	<object>
		<name>column_cir</name>
		<pose>Unspecified</pose>
		<truncated>0</truncated>
		<difficult>0</difficult>
		<bndbox>
			<xmin>793</xmin>
			<ymin>410</ymin>
			<xmax>826</xmax>
			<ymax>447</ymax>
		</bndbox>
	</object>
	<object>
		<name>column_cir</name>
		<pose>Unspecified</pose>
		<truncated>0</truncated>
		<difficult>0</difficult>
		<bndbox>
			<xmin>548</xmin>
			<ymin>482</ymin>
			<xmax>580</xmax>
			<ymax>518</ymax>
		</bndbox>
	</object>
	<object>
		<name>column_cir</name>
		<pose>Unspecified</pose>
		<truncated>0</truncated>
		<difficult>0</difficult>
		<bndbox>
			<xmin>524</xmin>
			<ymin>313</ymin>
			<xmax>552</xmax>
			<ymax>336</ymax>
		</bndbox>
	</object>
	<object>
		<name>column_cir</name>
		<pose>Unspecified</pose>
		<truncated>0</truncated>
		<difficult>0</difficult>
		<bndbox>
			<xmin>576</xmin>
			<ymin>390</ymin>
			<xmax>592</xmax>
			<ymax>415</ymax>
		</bndbox>
	</object>
	<object>
		<name>column_cir</name>
		<pose>Unspecified</pose>
		<truncated>0</truncated>
		<difficult>0</difficult>
		<bndbox>
			<xmin>619</xmin>
			<ymin>453</ymin>
			<xmax>643</xmax>
			<ymax>475</ymax>
		</bndbox>
	</object>
	<object>
		<name>column_cir</name>
		<pose>Unspecified</pose>
		<truncated>0</truncated>
		<difficult>0</difficult>
		<bndbox>
			<xmin>636</xmin>
			<ymin>488</ymin>
			<xmax>656</xmax>
			<ymax>506</ymax>
		</bndbox>
	</object>
	<object>
		<name>column_cir</name>
		<pose>Unspecified</pose>
		<truncated>0</truncated>
		<difficult>0</difficult>
		<bndbox>
			<xmin>627</xmin>
			<ymin>527</ymin>
			<xmax>648</xmax>
			<ymax>552</ymax>
		</bndbox>
	</object>
	<object>
		<name>column_cir</name>
		<pose>Unspecified</pose>
		<truncated>0</truncated>
		<difficult>0</difficult>
		<bndbox>
			<xmin>677</xmin>
			<ymin>541</ymin>
			<xmax>691</xmax>
			<ymax>561</ymax>
		</bndbox>
	</object>
	<object>
		<name>column_cir</name>
		<pose>Unspecified</pose>
		<truncated>0</truncated>
		<difficult>0</difficult>
		<bndbox>
			<xmin>875</xmin>
			<ymin>526</ymin>
			<xmax>899</xmax>
			<ymax>547</ymax>
		</bndbox>
	</object>
	<object>
		<name>column_cir</name>
		<pose>Unspecified</pose>
		<truncated>0</truncated>
		<difficult>0</difficult>
		<bndbox>
			<xmin>791</xmin>
			<ymin>567</ymin>
			<xmax>813</xmax>
			<ymax>588</ymax>
		</bndbox>
	</object>
	<object>
		<name>column_cir</name>
		<pose>Unspecified</pose>
		<truncated>0</truncated>
		<difficult>0</difficult>
		<bndbox>
			<xmin>959</xmin>
			<ymin>381</ymin>
			<xmax>983</xmax>
			<ymax>406</ymax>
		</bndbox>
	</object>
	<object>
		<name>column_cir</name>
		<pose>Unspecified</pose>
		<truncated>0</truncated>
		<difficult>0</difficult>
		<bndbox>
			<xmin>995</xmin>
			<ymin>332</ymin>
			<xmax>1008</xmax>
			<ymax>350</ymax>
		</bndbox>
	</object>
	<object>
		<name>column_cir</name>
		<pose>Unspecified</pose>
		<truncated>0</truncated>
		<difficult>0</difficult>
		<bndbox>
			<xmin>1035</xmin>
			<ymin>358</ymin>
			<xmax>1059</xmax>
			<ymax>384</ymax>
		</bndbox>
	</object>
	<object>
		<name>column_cir</name>
		<pose>Unspecified</pose>
		<truncated>0</truncated>
		<difficult>0</difficult>
		<bndbox>
			<xmin>1011</xmin>
			<ymin>419</ymin>
			<xmax>1031</xmax>
			<ymax>442</ymax>
		</bndbox>
	</object>
	<object>
		<name>column_cir</name>
		<pose>Unspecified</pose>
		<truncated>0</truncated>
		<difficult>0</difficult>
		<bndbox>
			<xmin>918</xmin>
			<ymin>288</ymin>
			<xmax>942</xmax>
			<ymax>305</ymax>
		</bndbox>
	</object>
	<object>
		<name>column_cir</name>
		<pose>Unspecified</pose>
		<truncated>0</truncated>
		<difficult>0</difficult>
		<bndbox>
			<xmin>628</xmin>
			<ymin>153</ymin>
			<xmax>652</xmax>
			<ymax>173</ymax>
		</bndbox>
	</object>
	<object>
		<name>column_cir</name>
		<pose>Unspecified</pose>
		<truncated>0</truncated>
		<difficult>0</difficult>
		<bndbox>
			<xmin>707</xmin>
			<ymin>137</ymin>
			<xmax>731</xmax>
			<ymax>161</ymax>
		</bndbox>
	</object>
	<object>
		<name>lift</name>
		<pose>Unspecified</pose>
		<truncated>0</truncated>
		<difficult>0</difficult>
		<bndbox>
			<xmin>778</xmin>
			<ymin>58</ymin>
			<xmax>825</xmax>
			<ymax>106</ymax>
		</bndbox>
	</object>
	<object>
		<name>lift</name>
		<pose>Unspecified</pose>
		<truncated>0</truncated>
		<difficult>0</difficult>
		<bndbox>
			<xmin>765</xmin>
			<ymin>94</ymin>
			<xmax>808</xmax>
			<ymax>132</ymax>
		</bndbox>
	</object>
	<object>
		<name>lift</name>
		<pose>Unspecified</pose>
		<truncated>0</truncated>
		<difficult>0</difficult>
		<bndbox>
			<xmin>836</xmin>
			<ymin>97</ymin>
			<xmax>873</xmax>
			<ymax>140</ymax>
		</bndbox>
	</object>
	<object>
		<name>lift</name>
		<pose>Unspecified</pose>
		<truncated>0</truncated>
		<difficult>0</difficult>
		<bndbox>
			<xmin>811</xmin>
			<ymin>119</ymin>
			<xmax>855</xmax>
			<ymax>161</ymax>
		</bndbox>
	</object>
	<object>
		<name>staircase_up</name>
		<pose>Unspecified</pose>
		<truncated>0</truncated>
		<difficult>0</difficult>
		<bndbox>
			<xmin>736</xmin>
			<ymin>73</ymin>
			<xmax>778</xmax>
			<ymax>123</ymax>
		</bndbox>
	</object>
	<object>
		<name>staircase_up</name>
		<pose>Unspecified</pose>
		<truncated>0</truncated>
		<difficult>0</difficult>
		<bndbox>
			<xmin>489</xmin>
			<ymin>369</ymin>
			<xmax>560</xmax>
			<ymax>452</ymax>
		</bndbox>
	</object>
	<object>
		<name>lift</name>
		<pose>Unspecified</pose>
		<truncated>0</truncated>
		<difficult>0</difficult>
		<bndbox>
			<xmin>562</xmin>
			<ymin>297</ymin>
			<xmax>609</xmax>
			<ymax>333</ymax>
		</bndbox>
	</object>
	<object>
		<name>lift</name>
		<pose>Unspecified</pose>
		<truncated>0</truncated>
		<difficult>0</difficult>
		<bndbox>
			<xmin>579</xmin>
			<ymin>320</ymin>
			<xmax>621</xmax>
			<ymax>358</ymax>
		</bndbox>
	</object>
	<object>
		<name>lift</name>
		<pose>Unspecified</pose>
		<truncated>0</truncated>
		<difficult>0</difficult>
		<bndbox>
			<xmin>594</xmin>
			<ymin>339</ymin>
			<xmax>640</xmax>
			<ymax>377</ymax>
		</bndbox>
	</object>
</annotation>