<annotation>
	<folder>arcad</folder>
	<filename>Slide31.JPG</filename>
	<path>/arcad/Slide31.JPG</path>
	<source>
		<database>Unspecified</database>
	</source>
	<size>
		<width>1280</width>
		<height>720</height>
		<depth>3</depth>
	</size>
	<object>
		<name>window</name>
		<pose>Unspecified</pose>
		<truncated>0</truncated>
		<difficult>0</difficult>
		<bndbox>
			<xmin>478</xmin>
			<ymin>209</ymin>
			<xmax>579</xmax>
			<ymax>220</ymax>
		</bndbox>
	</object>
	<object>
		<name>window</name>
		<pose>Unspecified</pose>
		<truncated>0</truncated>
		<difficult>0</difficult>
		<bndbox>
			<xmin>412</xmin>
			<ymin>210</ymin>
			<xmax>440</xmax>
			<ymax>224</ymax>
		</bndbox>
	</object>
	<object>
		<name>window</name>
		<pose>Unspecified</pose>
		<truncated>0</truncated>
		<difficult>0</difficult>
		<bndbox>
			<xmin>268</xmin>
			<ymin>288</ymin>
			<xmax>280</xmax>
			<ymax>314</ymax>
		</bndbox>
	</object>
	<object>
		<name>curtain_wall</name>
		<pose>Unspecified</pose>
		<truncated>0</truncated>
		<difficult>0</difficult>
		<bndbox>
			<xmin>399</xmin>
			<ymin>124</ymin>
			<xmax>618</xmax>
			<ymax>135</ymax>
		</bndbox>
	</object>
	<object>
		<name>window</name>
		<pose>Unspecified</pose>
		<truncated>0</truncated>
		<difficult>0</difficult>
		<bndbox>
			<xmin>639</xmin>
			<ymin>138</ymin>
			<xmax>698</xmax>
			<ymax>151</ymax>
		</bndbox>
	</object>
	<object>
		<name>window</name>
		<pose>Unspecified</pose>
		<truncated>0</truncated>
		<difficult>0</difficult>
		<bndbox>
			<xmin>592</xmin>
			<ymin>493</ymin>
			<xmax>639</xmax>
			<ymax>511</ymax>
		</bndbox>
	</object>
	<object>
		<name>window</name>
		<pose>Unspecified</pose>
		<truncated>0</truncated>
		<difficult>0</difficult>
		<bndbox>
			<xmin>431</xmin>
			<ymin>496</ymin>
			<xmax>477</xmax>
			<ymax>513</ymax>
		</bndbox>
	</object>
	<object>
		<name>window</name>
		<pose>Unspecified</pose>
		<truncated>0</truncated>
		<difficult>0</difficult>
		<bndbox>
			<xmin>303</xmin>
			<ymin>488</ymin>
			<xmax>337</xmax>
			<ymax>496</ymax>
		</bndbox>
	</object>
	<object>
		<name>window</name>
		<pose>Unspecified</pose>
		<truncated>0</truncated>
		<difficult>0</difficult>
		<bndbox>
			<xmin>375</xmin>
			<ymin>485</ymin>
			<xmax>391</xmax>
			<ymax>495</ymax>
		</bndbox>
	</object>
	<object>
		<name>window</name>
		<pose>Unspecified</pose>
		<truncated>0</truncated>
		<difficult>0</difficult>
		<bndbox>
			<xmin>721</xmin>
			<ymin>66</ymin>
			<xmax>817</xmax>
			<ymax>76</ymax>
		</bndbox>
	</object>
	<object>
		<name>window</name>
		<pose>Unspecified</pose>
		<truncated>0</truncated>
		<difficult>0</difficult>
		<bndbox>
			<xmin>843</xmin>
			<ymin>67</ymin>
			<xmax>941</xmax>
			<ymax>75</ymax>
		</bndbox>
	</object>
	<object>
		<name>window</name>
		<pose>Unspecified</pose>
		<truncated>0</truncated>
		<difficult>0</difficult>
		<bndbox>
			<xmin>952</xmin>
			<ymin>227</ymin>
			<xmax>963</xmax>
			<ymax>255</ymax>
		</bndbox>
	</object>
	<object>
		<name>window</name>
		<pose>Unspecified</pose>
		<truncated>0</truncated>
		<difficult>0</difficult>
		<bndbox>
			<xmin>917</xmin>
			<ymin>365</ymin>
			<xmax>934</xmax>
			<ymax>377</ymax>
		</bndbox>
	</object>
	<object>
		<name>window</name>
		<pose>Unspecified</pose>
		<truncated>0</truncated>
		<difficult>0</difficult>
		<bndbox>
			<xmin>879</xmin>
			<ymin>361</ymin>
			<xmax>894</xmax>
			<ymax>374</ymax>
		</bndbox>
	</object>
	<object>
		<name>window</name>
		<pose>Unspecified</pose>
		<truncated>0</truncated>
		<difficult>0</difficult>
		<bndbox>
			<xmin>841</xmin>
			<ymin>362</ymin>
			<xmax>858</xmax>
			<ymax>374</ymax>
		</bndbox>
	</object>
	<object>
		<name>window</name>
		<pose>Unspecified</pose>
		<truncated>0</truncated>
		<difficult>0</difficult>
		<bndbox>
			<xmin>817</xmin>
			<ymin>402</ymin>
			<xmax>831</xmax>
			<ymax>534</ymax>
		</bndbox>
	</object>
	<object>
		<name>window</name>
		<pose>Unspecified</pose>
		<truncated>0</truncated>
		<difficult>0</difficult>
		<bndbox>
			<xmin>814</xmin>
			<ymin>548</ymin>
			<xmax>824</xmax>
			<ymax>628</ymax>
		</bndbox>
	</object>
	<object>
		<name>window</name>
		<pose>Unspecified</pose>
		<truncated>0</truncated>
		<difficult>0</difficult>
		<bndbox>
			<xmin>689</xmin>
			<ymin>626</ymin>
			<xmax>712</xmax>
			<ymax>632</ymax>
		</bndbox>
	</object>
	<object>
		<name>window</name>
		<pose>Unspecified</pose>
		<truncated>0</truncated>
		<difficult>0</difficult>
		<bndbox>
			<xmin>768</xmin>
			<ymin>631</ymin>
			<xmax>791</xmax>
			<ymax>644</ymax>
		</bndbox>
	</object>
	<object>
		<name>exterior_wall</name>
		<pose>Unspecified</pose>
		<truncated>0</truncated>
		<difficult>0</difficult>
		<bndbox>
			<xmin>655</xmin>
			<ymin>498</ymin>
			<xmax>664</xmax>
			<ymax>632</ymax>
		</bndbox>
	</object>
	<object>
		<name>exterior_wall</name>
		<pose>Unspecified</pose>
		<truncated>0</truncated>
		<difficult>0</difficult>
		<bndbox>
			<xmin>817</xmin>
			<ymin>673</ymin>
			<xmax>875</xmax>
			<ymax>687</ymax>
		</bndbox>
	</object>
	<object>
		<name>exterior_wall</name>
		<pose>Unspecified</pose>
		<truncated>0</truncated>
		<difficult>0</difficult>
		<bndbox>
			<xmin>815</xmin>
			<ymin>617</ymin>
			<xmax>829</xmax>
			<ymax>682</ymax>
		</bndbox>
	</object>
	<object>
		<name>exterior_wall</name>
		<pose>Unspecified</pose>
		<truncated>0</truncated>
		<difficult>0</difficult>
		<bndbox>
			<xmin>730</xmin>
			<ymin>631</ymin>
			<xmax>767</xmax>
			<ymax>646</ymax>
		</bndbox>
	</object>
	<object>
		<name>exterior_wall</name>
		<pose>Unspecified</pose>
		<truncated>0</truncated>
		<difficult>0</difficult>
		<bndbox>
			<xmin>268</xmin>
			<ymin>207</ymin>
			<xmax>285</xmax>
			<ymax>290</ymax>
		</bndbox>
	</object>
	<object>
		<name>exterior_wall</name>
		<pose>Unspecified</pose>
		<truncated>0</truncated>
		<difficult>0</difficult>
		<bndbox>
			<xmin>269</xmin>
			<ymin>315</ymin>
			<xmax>278</xmax>
			<ymax>500</ymax>
		</bndbox>
	</object>
	<object>
		<name>exterior_wall</name>
		<pose>Unspecified</pose>
		<truncated>0</truncated>
		<difficult>0</difficult>
		<bndbox>
			<xmin>269</xmin>
			<ymin>483</ymin>
			<xmax>306</xmax>
			<ymax>501</ymax>
		</bndbox>
	</object>
	<object>
		<name>exterior_wall</name>
		<pose>Unspecified</pose>
		<truncated>0</truncated>
		<difficult>0</difficult>
		<bndbox>
			<xmin>330</xmin>
			<ymin>481</ymin>
			<xmax>375</xmax>
			<ymax>500</ymax>
		</bndbox>
	</object>
	<object>
		<name>exterior_wall</name>
		<pose>Unspecified</pose>
		<truncated>0</truncated>
		<difficult>0</difficult>
		<bndbox>
			<xmin>394</xmin>
			<ymin>405</ymin>
			<xmax>408</xmax>
			<ymax>508</ymax>
		</bndbox>
	</object>
	<object>
		<name>exterior_wall</name>
		<pose>Unspecified</pose>
		<truncated>0</truncated>
		<difficult>0</difficult>
		<bndbox>
			<xmin>397</xmin>
			<ymin>496</ymin>
			<xmax>433</xmax>
			<ymax>513</ymax>
		</bndbox>
	</object>
	<object>
		<name>exterior_wall</name>
		<pose>Unspecified</pose>
		<truncated>0</truncated>
		<difficult>0</difficult>
		<bndbox>
			<xmin>477</xmin>
			<ymin>495</ymin>
			<xmax>512</xmax>
			<ymax>506</ymax>
		</bndbox>
	</object>
	<object>
		<name>exterior_wall</name>
		<pose>Unspecified</pose>
		<truncated>0</truncated>
		<difficult>0</difficult>
		<bndbox>
			<xmin>500</xmin>
			<ymin>472</ymin>
			<xmax>517</xmax>
			<ymax>508</ymax>
		</bndbox>
	</object>
	<object>
		<name>exterior_wall</name>
		<pose>Unspecified</pose>
		<truncated>0</truncated>
		<difficult>0</difficult>
		<bndbox>
			<xmin>703</xmin>
			<ymin>61</ymin>
			<xmax>718</xmax>
			<ymax>146</ymax>
		</bndbox>
	</object>
	<object>
		<name>exterior_wall</name>
		<pose>Unspecified</pose>
		<truncated>0</truncated>
		<difficult>0</difficult>
		<bndbox>
			<xmin>949</xmin>
			<ymin>62</ymin>
			<xmax>964</xmax>
			<ymax>225</ymax>
		</bndbox>
	</object>
	<object>
		<name>exterior_wall</name>
		<pose>Unspecified</pose>
		<truncated>0</truncated>
		<difficult>0</difficult>
		<bndbox>
			<xmin>820</xmin>
			<ymin>64</ymin>
			<xmax>845</xmax>
			<ymax>77</ymax>
		</bndbox>
	</object>
	<object>
		<name>exterior_wall</name>
		<pose>Unspecified</pose>
		<truncated>0</truncated>
		<difficult>0</difficult>
		<bndbox>
			<xmin>945</xmin>
			<ymin>256</ymin>
			<xmax>964</xmax>
			<ymax>375</ymax>
		</bndbox>
	</object>
	<object>
		<name>exterior_wall</name>
		<pose>Unspecified</pose>
		<truncated>0</truncated>
		<difficult>0</difficult>
		<bndbox>
			<xmin>272</xmin>
			<ymin>161</ymin>
			<xmax>380</xmax>
			<ymax>176</ymax>
		</bndbox>
	</object>
	<object>
		<name>exterior_wall</name>
		<pose>Unspecified</pose>
		<truncated>0</truncated>
		<difficult>0</difficult>
		<bndbox>
			<xmin>264</xmin>
			<ymin>164</ymin>
			<xmax>282</xmax>
			<ymax>196</ymax>
		</bndbox>
	</object>
</annotation>