<annotation>
	<folder>arcad</folder>
	<filename>Slide15.JPG</filename>
	<path>/arcad/Slide15.JPG</path>
	<source>
		<database>Unspecified</database>
	</source>
	<size>
		<width>1280</width>
		<height>720</height>
		<depth>3</depth>
	</size>
	<object>
		<name>staircase_up</name>
		<pose>Unspecified</pose>
		<truncated>0</truncated>
		<difficult>0</difficult>
		<bndbox>
			<xmin>276</xmin>
			<ymin>74</ymin>
			<xmax>359</xmax>
			<ymax>283</ymax>
		</bndbox>
	</object>
	<object>
		<name>staircase_up</name>
		<pose>Unspecified</pose>
		<truncated>0</truncated>
		<difficult>0</difficult>
		<bndbox>
			<xmin>442</xmin>
			<ymin>72</ymin>
			<xmax>578</xmax>
			<ymax>283</ymax>
		</bndbox>
	</object>
	<object>
		<name>staircase_up</name>
		<pose>Unspecified</pose>
		<truncated>0</truncated>
		<difficult>0</difficult>
		<bndbox>
			<xmin>638</xmin>
			<ymin>80</ymin>
			<xmax>770</xmax>
			<ymax>281</ymax>
		</bndbox>
	</object>
	<object>
		<name>staircase_up</name>
		<pose>Unspecified</pose>
		<truncated>0</truncated>
		<difficult>0</difficult>
		<bndbox>
			<xmin>827</xmin>
			<ymin>72</ymin>
			<xmax>961</xmax>
			<ymax>278</ymax>
		</bndbox>
	</object>
	<object>
		<name>staircase_up</name>
		<pose>Unspecified</pose>
		<truncated>0</truncated>
		<difficult>0</difficult>
		<bndbox>
			<xmin>279</xmin>
			<ymin>369</ymin>
			<xmax>413</xmax>
			<ymax>568</ymax>
		</bndbox>
	</object>
	<object>
		<name>staircase_up</name>
		<pose>Unspecified</pose>
		<truncated>0</truncated>
		<difficult>0</difficult>
		<bndbox>
			<xmin>463</xmin>
			<ymin>363</ymin>
			<xmax>602</xmax>
			<ymax>570</ymax>
		</bndbox>
	</object>
	<object>
		<name>staircase_round</name>
		<pose>Unspecified</pose>
		<truncated>0</truncated>
		<difficult>0</difficult>
		<bndbox>
			<xmin>636</xmin>
			<ymin>374</ymin>
			<xmax>774</xmax>
			<ymax>575</ymax>
		</bndbox>
	</object>
	<object>
		<name>staircase_round</name>
		<pose>Unspecified</pose>
		<truncated>0</truncated>
		<difficult>0</difficult>
		<bndbox>
			<xmin>823</xmin>
			<ymin>436</ymin>
			<xmax>959</xmax>
			<ymax>573</ymax>
		</bndbox>
	</object>
</annotation>