<annotation>
	<folder>arcad</folder>
	<filename>Slide6.JPG</filename>
	<path>/arcad/Slide6.JPG</path>
	<source>
		<database>Unspecified</database>
	</source>
	<size>
		<width>1280</width>
		<height>720</height>
		<depth>3</depth>
	</size>
	<object>
		<name>lift</name>
		<pose>Unspecified</pose>
		<truncated>0</truncated>
		<difficult>0</difficult>
		<bndbox>
			<xmin>308</xmin>
			<ymin>190</ymin>
			<xmax>357</xmax>
			<ymax>237</ymax>
		</bndbox>
	</object>
	<object>
		<name>lift</name>
		<pose>Unspecified</pose>
		<truncated>0</truncated>
		<difficult>0</difficult>
		<bndbox>
			<xmin>308</xmin>
			<ymin>138</ymin>
			<xmax>367</xmax>
			<ymax>189</ymax>
		</bndbox>
	</object>
	<object>
		<name>column_reg</name>
		<pose>Unspecified</pose>
		<truncated>0</truncated>
		<difficult>0</difficult>
		<bndbox>
			<xmin>414</xmin>
			<ymin>138</ymin>
			<xmax>432</xmax>
			<ymax>158</ymax>
		</bndbox>
	</object>
	<object>
		<name>column_reg</name>
		<pose>Unspecified</pose>
		<truncated>0</truncated>
		<difficult>0</difficult>
		<bndbox>
			<xmin>577</xmin>
			<ymin>137</ymin>
			<xmax>594</xmax>
			<ymax>157</ymax>
		</bndbox>
	</object>
	<object>
		<name>column_reg</name>
		<pose>Unspecified</pose>
		<truncated>0</truncated>
		<difficult>0</difficult>
		<bndbox>
			<xmin>575</xmin>
			<ymin>275</ymin>
			<xmax>596</xmax>
			<ymax>291</ymax>
		</bndbox>
	</object>
	<object>
		<name>column_reg</name>
		<pose>Unspecified</pose>
		<truncated>0</truncated>
		<difficult>0</difficult>
		<bndbox>
			<xmin>414</xmin>
			<ymin>272</ymin>
			<xmax>436</xmax>
			<ymax>289</ymax>
		</bndbox>
	</object>
	<object>
		<name>column_reg</name>
		<pose>Unspecified</pose>
		<truncated>0</truncated>
		<difficult>0</difficult>
		<bndbox>
			<xmin>412</xmin>
			<ymin>486</ymin>
			<xmax>436</xmax>
			<ymax>508</ymax>
		</bndbox>
	</object>
	<object>
		<name>column_reg</name>
		<pose>Unspecified</pose>
		<truncated>0</truncated>
		<difficult>0</difficult>
		<bndbox>
			<xmin>572</xmin>
			<ymin>486</ymin>
			<xmax>596</xmax>
			<ymax>510</ymax>
		</bndbox>
	</object>
	<object>
		<name>column_reg</name>
		<pose>Unspecified</pose>
		<truncated>0</truncated>
		<difficult>0</difficult>
		<bndbox>
			<xmin>250</xmin>
			<ymin>487</ymin>
			<xmax>276</xmax>
			<ymax>509</ymax>
		</bndbox>
	</object>
	<object>
		<name>column_reg</name>
		<pose>Unspecified</pose>
		<truncated>0</truncated>
		<difficult>0</difficult>
		<bndbox>
			<xmin>736</xmin>
			<ymin>138</ymin>
			<xmax>756</xmax>
			<ymax>159</ymax>
		</bndbox>
	</object>
	<object>
		<name>column_reg</name>
		<pose>Unspecified</pose>
		<truncated>0</truncated>
		<difficult>0</difficult>
		<bndbox>
			<xmin>894</xmin>
			<ymin>138</ymin>
			<xmax>918</xmax>
			<ymax>158</ymax>
		</bndbox>
	</object>
	<object>
		<name>column_reg</name>
		<pose>Unspecified</pose>
		<truncated>0</truncated>
		<difficult>0</difficult>
		<bndbox>
			<xmin>898</xmin>
			<ymin>271</ymin>
			<xmax>917</xmax>
			<ymax>289</ymax>
		</bndbox>
	</object>
	<object>
		<name>column_reg</name>
		<pose>Unspecified</pose>
		<truncated>0</truncated>
		<difficult>0</difficult>
		<bndbox>
			<xmin>737</xmin>
			<ymin>271</ymin>
			<xmax>760</xmax>
			<ymax>294</ymax>
		</bndbox>
	</object>
	<object>
		<name>column_reg</name>
		<pose>Unspecified</pose>
		<truncated>0</truncated>
		<difficult>0</difficult>
		<bndbox>
			<xmin>736</xmin>
			<ymin>488</ymin>
			<xmax>757</xmax>
			<ymax>508</ymax>
		</bndbox>
	</object>
	<object>
		<name>column_reg</name>
		<pose>Unspecified</pose>
		<truncated>0</truncated>
		<difficult>0</difficult>
		<bndbox>
			<xmin>894</xmin>
			<ymin>489</ymin>
			<xmax>918</xmax>
			<ymax>508</ymax>
		</bndbox>
	</object>
	<object>
		<name>column_reg</name>
		<pose>Unspecified</pose>
		<truncated>0</truncated>
		<difficult>0</difficult>
		<bndbox>
			<xmin>1056</xmin>
			<ymin>273</ymin>
			<xmax>1079</xmax>
			<ymax>293</ymax>
		</bndbox>
	</object>
	<object>
		<name>column_reg</name>
		<pose>Unspecified</pose>
		<truncated>0</truncated>
		<difficult>0</difficult>
		<bndbox>
			<xmin>1059</xmin>
			<ymin>487</ymin>
			<xmax>1079</xmax>
			<ymax>508</ymax>
		</bndbox>
	</object>
	<object>
		<name>column_reg</name>
		<pose>Unspecified</pose>
		<truncated>0</truncated>
		<difficult>0</difficult>
		<bndbox>
			<xmin>1057</xmin>
			<ymin>139</ymin>
			<xmax>1079</xmax>
			<ymax>159</ymax>
		</bndbox>
	</object>
	<object>
		<name>door_double</name>
		<pose>Unspecified</pose>
		<truncated>0</truncated>
		<difficult>0</difficult>
		<bndbox>
			<xmin>259</xmin>
			<ymin>269</ymin>
			<xmax>292</xmax>
			<ymax>289</ymax>
		</bndbox>
	</object>
	<object>
		<name>door_double</name>
		<pose>Unspecified</pose>
		<truncated>0</truncated>
		<difficult>0</difficult>
		<bndbox>
			<xmin>384</xmin>
			<ymin>268</ymin>
			<xmax>421</xmax>
			<ymax>292</ymax>
		</bndbox>
	</object>
	<object>
		<name>door_double</name>
		<pose>Unspecified</pose>
		<truncated>0</truncated>
		<difficult>0</difficult>
		<bndbox>
			<xmin>387</xmin>
			<ymin>353</ymin>
			<xmax>421</xmax>
			<ymax>380</ymax>
		</bndbox>
	</object>
	<object>
		<name>door_double</name>
		<pose>Unspecified</pose>
		<truncated>0</truncated>
		<difficult>0</difficult>
		<bndbox>
			<xmin>582</xmin>
			<ymin>356</ymin>
			<xmax>618</xmax>
			<ymax>379</ymax>
		</bndbox>
	</object>
	<object>
		<name>door_double</name>
		<pose>Unspecified</pose>
		<truncated>0</truncated>
		<difficult>0</difficult>
		<bndbox>
			<xmin>591</xmin>
			<ymin>265</ymin>
			<xmax>625</xmax>
			<ymax>291</ymax>
		</bndbox>
	</object>
	<object>
		<name>door_double</name>
		<pose>Unspecified</pose>
		<truncated>0</truncated>
		<difficult>0</difficult>
		<bndbox>
			<xmin>545</xmin>
			<ymin>265</ymin>
			<xmax>581</xmax>
			<ymax>289</ymax>
		</bndbox>
	</object>
	<object>
		<name>door_double</name>
		<pose>Unspecified</pose>
		<truncated>0</truncated>
		<difficult>0</difficult>
		<bndbox>
			<xmin>705</xmin>
			<ymin>264</ymin>
			<xmax>741</xmax>
			<ymax>292</ymax>
		</bndbox>
	</object>
	<object>
		<name>door_double</name>
		<pose>Unspecified</pose>
		<truncated>0</truncated>
		<difficult>0</difficult>
		<bndbox>
			<xmin>750</xmin>
			<ymin>266</ymin>
			<xmax>786</xmax>
			<ymax>292</ymax>
		</bndbox>
	</object>
	<object>
		<name>door_double</name>
		<pose>Unspecified</pose>
		<truncated>0</truncated>
		<difficult>0</difficult>
		<bndbox>
			<xmin>868</xmin>
			<ymin>267</ymin>
			<xmax>902</xmax>
			<ymax>295</ymax>
		</bndbox>
	</object>
	<object>
		<name>door_double</name>
		<pose>Unspecified</pose>
		<truncated>0</truncated>
		<difficult>0</difficult>
		<bndbox>
			<xmin>912</xmin>
			<ymin>265</ymin>
			<xmax>945</xmax>
			<ymax>290</ymax>
		</bndbox>
	</object>
	<object>
		<name>door_double</name>
		<pose>Unspecified</pose>
		<truncated>0</truncated>
		<difficult>0</difficult>
		<bndbox>
			<xmin>1027</xmin>
			<ymin>264</ymin>
			<xmax>1068</xmax>
			<ymax>290</ymax>
		</bndbox>
	</object>
	<object>
		<name>door_double</name>
		<pose>Unspecified</pose>
		<truncated>0</truncated>
		<difficult>0</difficult>
		<bndbox>
			<xmin>1077</xmin>
			<ymin>339</ymin>
			<xmax>1095</xmax>
			<ymax>369</ymax>
		</bndbox>
	</object>
	<object>
		<name>door_double</name>
		<pose>Unspecified</pose>
		<truncated>0</truncated>
		<difficult>0</difficult>
		<bndbox>
			<xmin>1101</xmin>
			<ymin>339</ymin>
			<xmax>1120</xmax>
			<ymax>367</ymax>
		</bndbox>
	</object>
	<object>
		<name>door_double</name>
		<pose>Unspecified</pose>
		<truncated>0</truncated>
		<difficult>0</difficult>
		<bndbox>
			<xmin>1042</xmin>
			<ymin>357</ymin>
			<xmax>1079</xmax>
			<ymax>380</ymax>
		</bndbox>
	</object>
	<object>
		<name>door_double</name>
		<pose>Unspecified</pose>
		<truncated>0</truncated>
		<difficult>0</difficult>
		<bndbox>
			<xmin>232</xmin>
			<ymin>249</ymin>
			<xmax>252</xmax>
			<ymax>274</ymax>
		</bndbox>
	</object>
	<object>
		<name>exterior_wall</name>
		<pose>Unspecified</pose>
		<truncated>0</truncated>
		<difficult>0</difficult>
		<bndbox>
			<xmin>237</xmin>
			<ymin>111</ymin>
			<xmax>1129</xmax>
			<ymax>123</ymax>
		</bndbox>
	</object>
	<object>
		<name>exterior_wall</name>
		<pose>Unspecified</pose>
		<truncated>0</truncated>
		<difficult>0</difficult>
		<bndbox>
			<xmin>236</xmin>
			<ymin>111</ymin>
			<xmax>252</xmax>
			<ymax>241</ymax>
		</bndbox>
	</object>
	<object>
		<name>exterior_wall</name>
		<pose>Unspecified</pose>
		<truncated>0</truncated>
		<difficult>0</difficult>
		<bndbox>
			<xmin>135</xmin>
			<ymin>238</ymin>
			<xmax>254</xmax>
			<ymax>252</ymax>
		</bndbox>
	</object>
	<object>
		<name>exterior_wall</name>
		<pose>Unspecified</pose>
		<truncated>0</truncated>
		<difficult>0</difficult>
		<bndbox>
			<xmin>133</xmin>
			<ymin>300</ymin>
			<xmax>252</xmax>
			<ymax>317</ymax>
		</bndbox>
	</object>
	<object>
		<name>exterior_wall</name>
		<pose>Unspecified</pose>
		<truncated>0</truncated>
		<difficult>0</difficult>
		<bndbox>
			<xmin>134</xmin>
			<ymin>249</ymin>
			<xmax>151</xmax>
			<ymax>300</ymax>
		</bndbox>
	</object>
	<object>
		<name>staircase_up</name>
		<pose>Unspecified</pose>
		<truncated>0</truncated>
		<difficult>0</difficult>
		<bndbox>
			<xmin>148</xmin>
			<ymin>252</ymin>
			<xmax>239</xmax>
			<ymax>302</ymax>
		</bndbox>
	</object>
	<object>
		<name>door</name>
		<pose>Unspecified</pose>
		<truncated>0</truncated>
		<difficult>0</difficult>
		<bndbox>
			<xmin>648</xmin>
			<ymin>359</ymin>
			<xmax>671</xmax>
			<ymax>382</ymax>
		</bndbox>
	</object>
	<object>
		<name>staircase_up</name>
		<pose>Unspecified</pose>
		<truncated>0</truncated>
		<difficult>0</difficult>
		<bndbox>
			<xmin>1119</xmin>
			<ymin>344</ymin>
			<xmax>1200</xmax>
			<ymax>396</ymax>
		</bndbox>
	</object>
	<object>
		<name>door</name>
		<pose>Unspecified</pose>
		<truncated>0</truncated>
		<difficult>0</difficult>
		<bndbox>
			<xmin>720</xmin>
			<ymin>370</ymin>
			<xmax>746</xmax>
			<ymax>394</ymax>
		</bndbox>
	</object>
	<object>
		<name>door</name>
		<pose>Unspecified</pose>
		<truncated>0</truncated>
		<difficult>0</difficult>
		<bndbox>
			<xmin>731</xmin>
			<ymin>394</ymin>
			<xmax>755</xmax>
			<ymax>416</ymax>
		</bndbox>
	</object>
	<object>
		<name>door</name>
		<pose>Unspecified</pose>
		<truncated>0</truncated>
		<difficult>0</difficult>
		<bndbox>
			<xmin>748</xmin>
			<ymin>418</ymin>
			<xmax>770</xmax>
			<ymax>441</ymax>
		</bndbox>
	</object>
	<object>
		<name>door</name>
		<pose>Unspecified</pose>
		<truncated>0</truncated>
		<difficult>0</difficult>
		<bndbox>
			<xmin>725</xmin>
			<ymin>425</ymin>
			<xmax>745</xmax>
			<ymax>448</ymax>
		</bndbox>
	</object>
	<object>
		<name>door</name>
		<pose>Unspecified</pose>
		<truncated>0</truncated>
		<difficult>0</difficult>
		<bndbox>
			<xmin>705</xmin>
			<ymin>395</ymin>
			<xmax>726</xmax>
			<ymax>415</ymax>
		</bndbox>
	</object>
	<object>
		<name>door</name>
		<pose>Unspecified</pose>
		<truncated>0</truncated>
		<difficult>0</difficult>
		<bndbox>
			<xmin>847</xmin>
			<ymin>393</ymin>
			<xmax>870</xmax>
			<ymax>417</ymax>
		</bndbox>
	</object>
	<object>
		<name>door</name>
		<pose>Unspecified</pose>
		<truncated>0</truncated>
		<difficult>0</difficult>
		<bndbox>
			<xmin>869</xmin>
			<ymin>416</ymin>
			<xmax>889</xmax>
			<ymax>439</ymax>
		</bndbox>
	</object>
	<object>
		<name>exterior_wall</name>
		<pose>Unspecified</pose>
		<truncated>0</truncated>
		<difficult>0</difficult>
		<bndbox>
			<xmin>222</xmin>
			<ymin>520</ymin>
			<xmax>1110</xmax>
			<ymax>534</ymax>
		</bndbox>
	</object>
	<object>
		<name>exterior_wall</name>
		<pose>Unspecified</pose>
		<truncated>0</truncated>
		<difficult>0</difficult>
		<bndbox>
			<xmin>1101</xmin>
			<ymin>396</ymin>
			<xmax>1113</xmax>
			<ymax>528</ymax>
		</bndbox>
	</object>
	<object>
		<name>exterior_wall</name>
		<pose>Unspecified</pose>
		<truncated>0</truncated>
		<difficult>0</difficult>
		<bndbox>
			<xmin>1101</xmin>
			<ymin>389</ymin>
			<xmax>1210</xmax>
			<ymax>408</ymax>
		</bndbox>
	</object>
	<object>
		<name>exterior_wall</name>
		<pose>Unspecified</pose>
		<truncated>0</truncated>
		<difficult>0</difficult>
		<bndbox>
			<xmin>1094</xmin>
			<ymin>328</ymin>
			<xmax>1209</xmax>
			<ymax>347</ymax>
		</bndbox>
	</object>
	<object>
		<name>window</name>
		<pose>Unspecified</pose>
		<truncated>0</truncated>
		<difficult>0</difficult>
		<bndbox>
			<xmin>1198</xmin>
			<ymin>344</ymin>
			<xmax>1215</xmax>
			<ymax>390</ymax>
		</bndbox>
	</object>
	<object>
		<name>exterior_wall</name>
		<pose>Unspecified</pose>
		<truncated>0</truncated>
		<difficult>0</difficult>
		<bndbox>
			<xmin>241</xmin>
			<ymin>306</ymin>
			<xmax>251</xmax>
			<ymax>368</ymax>
		</bndbox>
	</object>
	<object>
		<name>interior_wall</name>
		<pose>Unspecified</pose>
		<truncated>0</truncated>
		<difficult>0</difficult>
		<bndbox>
			<xmin>298</xmin>
			<ymin>362</ymin>
			<xmax>307</xmax>
			<ymax>529</ymax>
		</bndbox>
	</object>
	<object>
		<name>interior_wall</name>
		<pose>Unspecified</pose>
		<truncated>0</truncated>
		<difficult>0</difficult>
		<bndbox>
			<xmin>296</xmin>
			<ymin>361</ymin>
			<xmax>386</xmax>
			<ymax>367</ymax>
		</bndbox>
	</object>
	<object>
		<name>interior_wall</name>
		<pose>Unspecified</pose>
		<truncated>0</truncated>
		<difficult>0</difficult>
		<bndbox>
			<xmin>381</xmin>
			<ymin>361</ymin>
			<xmax>388</xmax>
			<ymax>382</ymax>
		</bndbox>
	</object>
	<object>
		<name>interior_wall</name>
		<pose>Unspecified</pose>
		<truncated>0</truncated>
		<difficult>0</difficult>
		<bndbox>
			<xmin>417</xmin>
			<ymin>359</ymin>
			<xmax>428</xmax>
			<ymax>377</ymax>
		</bndbox>
	</object>
	<object>
		<name>interior_wall</name>
		<pose>Unspecified</pose>
		<truncated>0</truncated>
		<difficult>0</difficult>
		<bndbox>
			<xmin>422</xmin>
			<ymin>359</ymin>
			<xmax>586</xmax>
			<ymax>370</ymax>
		</bndbox>
	</object>
	<object>
		<name>interior_wall</name>
		<pose>Unspecified</pose>
		<truncated>0</truncated>
		<difficult>0</difficult>
		<bndbox>
			<xmin>427</xmin>
			<ymin>316</ymin>
			<xmax>584</xmax>
			<ymax>330</ymax>
		</bndbox>
	</object>
	<object>
		<name>interior_wall</name>
		<pose>Unspecified</pose>
		<truncated>0</truncated>
		<difficult>0</difficult>
		<bndbox>
			<xmin>571</xmin>
			<ymin>318</ymin>
			<xmax>585</xmax>
			<ymax>364</ymax>
		</bndbox>
	</object>
	<object>
		<name>interior_wall</name>
		<pose>Unspecified</pose>
		<truncated>0</truncated>
		<difficult>0</difficult>
		<bndbox>
			<xmin>427</xmin>
			<ymin>318</ymin>
			<xmax>440</xmax>
			<ymax>367</ymax>
		</bndbox>
	</object>
	<object>
		<name>interior_wall</name>
		<pose>Unspecified</pose>
		<truncated>0</truncated>
		<difficult>0</difficult>
		<bndbox>
			<xmin>291</xmin>
			<ymin>281</ymin>
			<xmax>306</xmax>
			<ymax>292</ymax>
		</bndbox>
	</object>
	<object>
		<name>interior_wall</name>
		<pose>Unspecified</pose>
		<truncated>0</truncated>
		<difficult>0</difficult>
		<bndbox>
			<xmin>300</xmin>
			<ymin>241</ymin>
			<xmax>307</xmax>
			<ymax>293</ymax>
		</bndbox>
	</object>
	<object>
		<name>interior_wall</name>
		<pose>Unspecified</pose>
		<truncated>0</truncated>
		<difficult>0</difficult>
		<bndbox>
			<xmin>303</xmin>
			<ymin>238</ymin>
			<xmax>381</xmax>
			<ymax>247</ymax>
		</bndbox>
	</object>
	<object>
		<name>interior_wall</name>
		<pose>Unspecified</pose>
		<truncated>0</truncated>
		<difficult>0</difficult>
		<bndbox>
			<xmin>368</xmin>
			<ymin>239</ymin>
			<xmax>382</xmax>
			<ymax>292</ymax>
		</bndbox>
	</object>
	<object>
		<name>interior_wall</name>
		<pose>Unspecified</pose>
		<truncated>0</truncated>
		<difficult>0</difficult>
		<bndbox>
			<xmin>437</xmin>
			<ymin>280</ymin>
			<xmax>545</xmax>
			<ymax>294</ymax>
		</bndbox>
	</object>
	<object>
		<name>interior_wall</name>
		<pose>Unspecified</pose>
		<truncated>0</truncated>
		<difficult>0</difficult>
		<bndbox>
			<xmin>448</xmin>
			<ymin>333</ymin>
			<xmax>448</xmax>
			<ymax>337</ymax>
		</bndbox>
	</object>
	<object>
		<name>interior_wall</name>
		<pose>Unspecified</pose>
		<truncated>0</truncated>
		<difficult>0</difficult>
		<bndbox>
			<xmin>679</xmin>
			<ymin>638</ymin>
			<xmax>679</xmax>
			<ymax>640</ymax>
		</bndbox>
	</object>
	<object>
		<name>interior_wall</name>
		<pose>Unspecified</pose>
		<truncated>0</truncated>
		<difficult>0</difficult>
		<bndbox>
			<xmin>499</xmin>
			<ymin>114</ymin>
			<xmax>509</xmax>
			<ymax>290</ymax>
		</bndbox>
	</object>
	<object>
		<name>interior_wall</name>
		<pose>Unspecified</pose>
		<truncated>0</truncated>
		<difficult>0</difficult>
		<bndbox>
			<xmin>579</xmin>
			<ymin>116</ymin>
			<xmax>592</xmax>
			<ymax>141</ymax>
		</bndbox>
	</object>
	<object>
		<name>interior_wall</name>
		<pose>Unspecified</pose>
		<truncated>0</truncated>
		<difficult>0</difficult>
		<bndbox>
			<xmin>578</xmin>
			<ymin>157</ymin>
			<xmax>589</xmax>
			<ymax>274</ymax>
		</bndbox>
	</object>
	<object>
		<name>interior_wall</name>
		<pose>Unspecified</pose>
		<truncated>0</truncated>
		<difficult>0</difficult>
		<bndbox>
			<xmin>620</xmin>
			<ymin>281</ymin>
			<xmax>706</xmax>
			<ymax>294</ymax>
		</bndbox>
	</object>
	<object>
		<name>interior_wall</name>
		<pose>Unspecified</pose>
		<truncated>0</truncated>
		<difficult>0</difficult>
		<bndbox>
			<xmin>659</xmin>
			<ymin>118</ymin>
			<xmax>673</xmax>
			<ymax>286</ymax>
		</bndbox>
	</object>
	<object>
		<name>interior_wall</name>
		<pose>Unspecified</pose>
		<truncated>0</truncated>
		<difficult>0</difficult>
		<bndbox>
			<xmin>740</xmin>
			<ymin>154</ymin>
			<xmax>752</xmax>
			<ymax>275</ymax>
		</bndbox>
	</object>
	<object>
		<name>interior_wall</name>
		<pose>Unspecified</pose>
		<truncated>0</truncated>
		<difficult>0</difficult>
		<bndbox>
			<xmin>740</xmin>
			<ymin>119</ymin>
			<xmax>756</xmax>
			<ymax>138</ymax>
		</bndbox>
	</object>
	<object>
		<name>interior_wall</name>
		<pose>Unspecified</pose>
		<truncated>0</truncated>
		<difficult>0</difficult>
		<bndbox>
			<xmin>780</xmin>
			<ymin>280</ymin>
			<xmax>869</xmax>
			<ymax>292</ymax>
		</bndbox>
	</object>
	<object>
		<name>interior_wall</name>
		<pose>Unspecified</pose>
		<truncated>0</truncated>
		<difficult>0</difficult>
		<bndbox>
			<xmin>821</xmin>
			<ymin>117</ymin>
			<xmax>831</xmax>
			<ymax>286</ymax>
		</bndbox>
	</object>
	<object>
		<name>interior_wall</name>
		<pose>Unspecified</pose>
		<truncated>0</truncated>
		<difficult>0</difficult>
		<bndbox>
			<xmin>901</xmin>
			<ymin>155</ymin>
			<xmax>915</xmax>
			<ymax>270</ymax>
		</bndbox>
	</object>
	<object>
		<name>interior_wall</name>
		<pose>Unspecified</pose>
		<truncated>0</truncated>
		<difficult>0</difficult>
		<bndbox>
			<xmin>670</xmin>
			<ymin>360</ymin>
			<xmax>753</xmax>
			<ymax>366</ymax>
		</bndbox>
	</object>
	<object>
		<name>interior_wall</name>
		<pose>Unspecified</pose>
		<truncated>0</truncated>
		<difficult>0</difficult>
		<bndbox>
			<xmin>668</xmin>
			<ymin>363</ymin>
			<xmax>680</xmax>
			<ymax>456</ymax>
		</bndbox>
	</object>
	<object>
		<name>interior_wall</name>
		<pose>Unspecified</pose>
		<truncated>0</truncated>
		<difficult>0</difficult>
		<bndbox>
			<xmin>638</xmin>
			<ymin>445</ymin>
			<xmax>679</xmax>
			<ymax>455</ymax>
		</bndbox>
	</object>
	<object>
		<name>interior_wall</name>
		<pose>Unspecified</pose>
		<truncated>0</truncated>
		<difficult>0</difficult>
		<bndbox>
			<xmin>635</xmin>
			<ymin>357</ymin>
			<xmax>641</xmax>
			<ymax>530</ymax>
		</bndbox>
	</object>
	<object>
		<name>interior_wall</name>
		<pose>Unspecified</pose>
		<truncated>0</truncated>
		<difficult>0</difficult>
		<bndbox>
			<xmin>615</xmin>
			<ymin>449</ymin>
			<xmax>639</xmax>
			<ymax>461</ymax>
		</bndbox>
	</object>
	<object>
		<name>interior_wall</name>
		<pose>Unspecified</pose>
		<truncated>0</truncated>
		<difficult>0</difficult>
		<bndbox>
			<xmin>614</xmin>
			<ymin>374</ymin>
			<xmax>622</xmax>
			<ymax>458</ymax>
		</bndbox>
	</object>
	<object>
		<name>interior_wall</name>
		<pose>Unspecified</pose>
		<truncated>0</truncated>
		<difficult>0</difficult>
		<bndbox>
			<xmin>613</xmin>
			<ymin>359</ymin>
			<xmax>654</xmax>
			<ymax>368</ymax>
		</bndbox>
	</object>
	<object>
		<name>interior_wall</name>
		<pose>Unspecified</pose>
		<truncated>0</truncated>
		<difficult>0</difficult>
		<bndbox>
			<xmin>745</xmin>
			<ymin>418</ymin>
			<xmax>756</xmax>
			<ymax>488</ymax>
		</bndbox>
	</object>
	<object>
		<name>interior_wall</name>
		<pose>Unspecified</pose>
		<truncated>0</truncated>
		<difficult>0</difficult>
		<bndbox>
			<xmin>746</xmin>
			<ymin>505</ymin>
			<xmax>755</xmax>
			<ymax>531</ymax>
		</bndbox>
	</object>
	<object>
		<name>interior_wall</name>
		<pose>Unspecified</pose>
		<truncated>0</truncated>
		<difficult>0</difficult>
		<bndbox>
			<xmin>674</xmin>
			<ymin>422</ymin>
			<xmax>726</xmax>
			<ymax>430</ymax>
		</bndbox>
	</object>
	<object>
		<name>interior_wall</name>
		<pose>Unspecified</pose>
		<truncated>0</truncated>
		<difficult>0</difficult>
		<bndbox>
			<xmin>718</xmin>
			<ymin>412</ymin>
			<xmax>727</xmax>
			<ymax>429</ymax>
		</bndbox>
	</object>
	<object>
		<name>interior_wall</name>
		<pose>Unspecified</pose>
		<truncated>0</truncated>
		<difficult>0</difficult>
		<bndbox>
			<xmin>671</xmin>
			<ymin>389</ymin>
			<xmax>725</xmax>
			<ymax>398</ymax>
		</bndbox>
	</object>
	<object>
		<name>interior_wall</name>
		<pose>Unspecified</pose>
		<truncated>0</truncated>
		<difficult>0</difficult>
		<bndbox>
			<xmin>745</xmin>
			<ymin>359</ymin>
			<xmax>755</xmax>
			<ymax>397</ymax>
		</bndbox>
	</object>
	<object>
		<name>interior_wall</name>
		<pose>Unspecified</pose>
		<truncated>0</truncated>
		<difficult>0</difficult>
		<bndbox>
			<xmin>897</xmin>
			<ymin>358</ymin>
			<xmax>1039</xmax>
			<ymax>368</ymax>
		</bndbox>
	</object>
	<object>
		<name>interior_wall</name>
		<pose>Unspecified</pose>
		<truncated>0</truncated>
		<difficult>0</difficult>
		<bndbox>
			<xmin>896</xmin>
			<ymin>360</ymin>
			<xmax>908</xmax>
			<ymax>489</ymax>
		</bndbox>
	</object>
	<object>
		<name>interior_wall</name>
		<pose>Unspecified</pose>
		<truncated>0</truncated>
		<difficult>0</difficult>
		<bndbox>
			<xmin>780</xmin>
			<ymin>368</ymin>
			<xmax>868</xmax>
			<ymax>379</ymax>
		</bndbox>
	</object>
	<object>
		<name>interior_wall</name>
		<pose>Unspecified</pose>
		<truncated>0</truncated>
		<difficult>0</difficult>
		<bndbox>
			<xmin>817</xmin>
			<ymin>368</ymin>
			<xmax>827</xmax>
			<ymax>420</ymax>
		</bndbox>
	</object>
	<object>
		<name>interior_wall</name>
		<pose>Unspecified</pose>
		<truncated>0</truncated>
		<difficult>0</difficult>
		<bndbox>
			<xmin>816</xmin>
			<ymin>418</ymin>
			<xmax>826</xmax>
			<ymax>528</ymax>
		</bndbox>
	</object>
	<object>
		<name>interior_wall</name>
		<pose>Unspecified</pose>
		<truncated>0</truncated>
		<difficult>0</difficult>
		<bndbox>
			<xmin>835</xmin>
			<ymin>418</ymin>
			<xmax>845</xmax>
			<ymax>530</ymax>
		</bndbox>
	</object>
	<object>
		<name>interior_wall</name>
		<pose>Unspecified</pose>
		<truncated>0</truncated>
		<difficult>0</difficult>
		<bndbox>
			<xmin>768</xmin>
			<ymin>415</ymin>
			<xmax>818</xmax>
			<ymax>424</ymax>
		</bndbox>
	</object>
	<object>
		<name>interior_wall</name>
		<pose>Unspecified</pose>
		<truncated>0</truncated>
		<difficult>0</difficult>
		<bndbox>
			<xmin>783</xmin>
			<ymin>360</ymin>
			<xmax>790</xmax>
			<ymax>421</ymax>
		</bndbox>
	</object>
	<object>
		<name>interior_wall</name>
		<pose>Unspecified</pose>
		<truncated>0</truncated>
		<difficult>0</difficult>
		<bndbox>
			<xmin>904</xmin>
			<ymin>117</ymin>
			<xmax>914</xmax>
			<ymax>138</ymax>
		</bndbox>
	</object>
	<object>
		<name>interior_wall</name>
		<pose>Unspecified</pose>
		<truncated>0</truncated>
		<difficult>0</difficult>
		<bndbox>
			<xmin>943</xmin>
			<ymin>281</ymin>
			<xmax>1028</xmax>
			<ymax>292</ymax>
		</bndbox>
	</object>
	<object>
		<name>interior_wall</name>
		<pose>Unspecified</pose>
		<truncated>0</truncated>
		<difficult>0</difficult>
		<bndbox>
			<xmin>980</xmin>
			<ymin>119</ymin>
			<xmax>995</xmax>
			<ymax>291</ymax>
		</bndbox>
	</object>
	<object>
		<name>interior_wall</name>
		<pose>Unspecified</pose>
		<truncated>0</truncated>
		<difficult>0</difficult>
		<bndbox>
			<xmin>1063</xmin>
			<ymin>156</ymin>
			<xmax>1074</xmax>
			<ymax>272</ymax>
		</bndbox>
	</object>
	<object>
		<name>interior_wall</name>
		<pose>Unspecified</pose>
		<truncated>0</truncated>
		<difficult>0</difficult>
		<bndbox>
			<xmin>1065</xmin>
			<ymin>119</ymin>
			<xmax>1073</xmax>
			<ymax>143</ymax>
		</bndbox>
	</object>
	<object>
		<name>door</name>
		<pose>Unspecified</pose>
		<truncated>0</truncated>
		<difficult>0</difficult>
		<bndbox>
			<xmin>1071</xmin>
			<ymin>259</ymin>
			<xmax>1098</xmax>
			<ymax>286</ymax>
		</bndbox>
	</object>
	<object>
		<name>exterior_wall</name>
		<pose>Unspecified</pose>
		<truncated>0</truncated>
		<difficult>0</difficult>
		<bndbox>
			<xmin>1088</xmin>
			<ymin>273</ymin>
			<xmax>1101</xmax>
			<ymax>340</ymax>
		</bndbox>
	</object>
</annotation>