<annotation>
	<folder>arcad</folder>
	<filename>Slide22.JPG</filename>
	<path>/arcad/Slide22.JPG</path>
	<source>
		<database>Unspecified</database>
	</source>
	<size>
		<width>1280</width>
		<height>720</height>
		<depth>3</depth>
	</size>
	<object>
		<name>door</name>
		<pose>Unspecified</pose>
		<truncated>0</truncated>
		<difficult>0</difficult>
		<bndbox>
			<xmin>694</xmin>
			<ymin>99</ymin>
			<xmax>748</xmax>
			<ymax>159</ymax>
		</bndbox>
	</object>
	<object>
		<name>door</name>
		<pose>Unspecified</pose>
		<truncated>0</truncated>
		<difficult>0</difficult>
		<bndbox>
			<xmin>632</xmin>
			<ymin>320</ymin>
			<xmax>682</xmax>
			<ymax>370</ymax>
		</bndbox>
	</object>
	<object>
		<name>door</name>
		<pose>Unspecified</pose>
		<truncated>0</truncated>
		<difficult>0</difficult>
		<bndbox>
			<xmin>695</xmin>
			<ymin>322</ymin>
			<xmax>749</xmax>
			<ymax>374</ymax>
		</bndbox>
	</object>
	<object>
		<name>door</name>
		<pose>Unspecified</pose>
		<truncated>0</truncated>
		<difficult>0</difficult>
		<bndbox>
			<xmin>414</xmin>
			<ymin>499</ymin>
			<xmax>477</xmax>
			<ymax>555</ymax>
		</bndbox>
	</object>
	<object>
		<name>door_double</name>
		<pose>Unspecified</pose>
		<truncated>0</truncated>
		<difficult>0</difficult>
		<bndbox>
			<xmin>672</xmin>
			<ymin>521</ymin>
			<xmax>778</xmax>
			<ymax>571</ymax>
		</bndbox>
	</object>
	<object>
		<name>window</name>
		<pose>Unspecified</pose>
		<truncated>0</truncated>
		<difficult>0</difficult>
		<bndbox>
			<xmin>503</xmin>
			<ymin>99</ymin>
			<xmax>569</xmax>
			<ymax>119</ymax>
		</bndbox>
	</object>
	<object>
		<name>window</name>
		<pose>Unspecified</pose>
		<truncated>0</truncated>
		<difficult>0</difficult>
		<bndbox>
			<xmin>962</xmin>
			<ymin>267</ymin>
			<xmax>978</xmax>
			<ymax>330</ymax>
		</bndbox>
	</object>
	<object>
		<name>window</name>
		<pose>Unspecified</pose>
		<truncated>0</truncated>
		<difficult>0</difficult>
		<bndbox>
			<xmin>963</xmin>
			<ymin>410</ymin>
			<xmax>976</xmax>
			<ymax>476</ymax>
		</bndbox>
	</object>
	<object>
		<name>window</name>
		<pose>Unspecified</pose>
		<truncated>0</truncated>
		<difficult>0</difficult>
		<bndbox>
			<xmin>335</xmin>
			<ymin>254</ymin>
			<xmax>353</xmax>
			<ymax>318</ymax>
		</bndbox>
	</object>
	<object>
		<name>interior_wall</name>
		<pose>Unspecified</pose>
		<truncated>0</truncated>
		<difficult>0</difficult>
		<bndbox>
			<xmin>352</xmin>
			<ymin>350</ymin>
			<xmax>635</xmax>
			<ymax>368</ymax>
		</bndbox>
	</object>
	<object>
		<name>interior_wall</name>
		<pose>Unspecified</pose>
		<truncated>0</truncated>
		<difficult>0</difficult>
		<bndbox>
			<xmin>452</xmin>
			<ymin>370</ymin>
			<xmax>469</xmax>
			<ymax>510</ymax>
		</bndbox>
	</object>
	<object>
		<name>interior_wall</name>
		<pose>Unspecified</pose>
		<truncated>0</truncated>
		<difficult>0</difficult>
		<bndbox>
			<xmin>678</xmin>
			<ymin>115</ymin>
			<xmax>696</xmax>
			<ymax>367</ymax>
		</bndbox>
	</object>
	<object>
		<name>interior_wall</name>
		<pose>Unspecified</pose>
		<truncated>0</truncated>
		<difficult>0</difficult>
		<bndbox>
			<xmin>745</xmin>
			<ymin>351</ymin>
			<xmax>963</xmax>
			<ymax>370</ymax>
		</bndbox>
	</object>
	<object>
		<name>interior_wall</name>
		<pose>Unspecified</pose>
		<truncated>0</truncated>
		<difficult>0</difficult>
		<bndbox>
			<xmin>742</xmin>
			<ymin>176</ymin>
			<xmax>964</xmax>
			<ymax>193</ymax>
		</bndbox>
	</object>
	<object>
		<name>door</name>
		<pose>Unspecified</pose>
		<truncated>0</truncated>
		<difficult>0</difficult>
		<bndbox>
			<xmin>693</xmin>
			<ymin>172</ymin>
			<xmax>751</xmax>
			<ymax>222</ymax>
		</bndbox>
	</object>
	<object>
		<name>exterior_wall</name>
		<pose>Unspecified</pose>
		<truncated>0</truncated>
		<difficult>0</difficult>
		<bndbox>
			<xmin>742</xmin>
			<ymin>99</ymin>
			<xmax>978</xmax>
			<ymax>116</ymax>
		</bndbox>
	</object>
	<object>
		<name>exterior_wall</name>
		<pose>Unspecified</pose>
		<truncated>0</truncated>
		<difficult>0</difficult>
		<bndbox>
			<xmin>960</xmin>
			<ymin>98</ymin>
			<xmax>977</xmax>
			<ymax>267</ymax>
		</bndbox>
	</object>
	<object>
		<name>exterior_wall</name>
		<pose>Unspecified</pose>
		<truncated>0</truncated>
		<difficult>0</difficult>
		<bndbox>
			<xmin>961</xmin>
			<ymin>329</ymin>
			<xmax>977</xmax>
			<ymax>413</ymax>
		</bndbox>
	</object>
	<object>
		<name>exterior_wall</name>
		<pose>Unspecified</pose>
		<truncated>0</truncated>
		<difficult>0</difficult>
		<bndbox>
			<xmin>777</xmin>
			<ymin>555</ymin>
			<xmax>978</xmax>
			<ymax>569</ymax>
		</bndbox>
	</object>
	<object>
		<name>exterior_wall</name>
		<pose>Unspecified</pose>
		<truncated>0</truncated>
		<difficult>0</difficult>
		<bndbox>
			<xmin>963</xmin>
			<ymin>475</ymin>
			<xmax>976</xmax>
			<ymax>569</ymax>
		</bndbox>
	</object>
	<object>
		<name>exterior_wall</name>
		<pose>Unspecified</pose>
		<truncated>0</truncated>
		<difficult>0</difficult>
		<bndbox>
			<xmin>337</xmin>
			<ymin>98</ymin>
			<xmax>503</xmax>
			<ymax>120</ymax>
		</bndbox>
	</object>
	<object>
		<name>exterior_wall</name>
		<pose>Unspecified</pose>
		<truncated>0</truncated>
		<difficult>0</difficult>
		<bndbox>
			<xmin>570</xmin>
			<ymin>101</ymin>
			<xmax>697</xmax>
			<ymax>119</ymax>
		</bndbox>
	</object>
	<object>
		<name>exterior_wall</name>
		<pose>Unspecified</pose>
		<truncated>0</truncated>
		<difficult>0</difficult>
		<bndbox>
			<xmin>333</xmin>
			<ymin>99</ymin>
			<xmax>355</xmax>
			<ymax>253</ymax>
		</bndbox>
	</object>
	<object>
		<name>exterior_wall</name>
		<pose>Unspecified</pose>
		<truncated>0</truncated>
		<difficult>0</difficult>
		<bndbox>
			<xmin>336</xmin>
			<ymin>314</ymin>
			<xmax>353</xmax>
			<ymax>571</ymax>
		</bndbox>
	</object>
	<object>
		<name>exterior_wall</name>
		<pose>Unspecified</pose>
		<truncated>0</truncated>
		<difficult>0</difficult>
		<bndbox>
			<xmin>330</xmin>
			<ymin>553</ymin>
			<xmax>673</xmax>
			<ymax>573</ymax>
		</bndbox>
	</object>
</annotation>