<annotation>
	<folder>arcad</folder>
	<filename>Slide43.JPG</filename>
	<path>/arcad/Slide43.JPG</path>
	<source>
		<database>Unspecified</database>
	</source>
	<size>
		<width>1280</width>
		<height>720</height>
		<depth>3</depth>
	</size>
	<object>
		<name>column_cir</name>
		<pose>Unspecified</pose>
		<truncated>0</truncated>
		<difficult>0</difficult>
		<bndbox>
			<xmin>854</xmin>
			<ymin>159</ymin>
			<xmax>867</xmax>
			<ymax>174</ymax>
		</bndbox>
	</object>
	<object>
		<name>column_cir</name>
		<pose>Unspecified</pose>
		<truncated>0</truncated>
		<difficult>0</difficult>
		<bndbox>
			<xmin>927</xmin>
			<ymin>210</ymin>
			<xmax>940</xmax>
			<ymax>225</ymax>
		</bndbox>
	</object>
	<object>
		<name>column_cir</name>
		<pose>Unspecified</pose>
		<truncated>0</truncated>
		<difficult>0</difficult>
		<bndbox>
			<xmin>974</xmin>
			<ymin>135</ymin>
			<xmax>990</xmax>
			<ymax>153</ymax>
		</bndbox>
	</object>
	<object>
		<name>column_cir</name>
		<pose>Unspecified</pose>
		<truncated>0</truncated>
		<difficult>0</difficult>
		<bndbox>
			<xmin>901</xmin>
			<ymin>87</ymin>
			<xmax>920</xmax>
			<ymax>102</ymax>
		</bndbox>
	</object>
	<object>
		<name>lift</name>
		<pose>Unspecified</pose>
		<truncated>0</truncated>
		<difficult>0</difficult>
		<bndbox>
			<xmin>808</xmin>
			<ymin>244</ymin>
			<xmax>853</xmax>
			<ymax>297</ymax>
		</bndbox>
	</object>
	<object>
		<name>lift</name>
		<pose>Unspecified</pose>
		<truncated>0</truncated>
		<difficult>0</difficult>
		<bndbox>
			<xmin>861</xmin>
			<ymin>285</ymin>
			<xmax>906</xmax>
			<ymax>335</ymax>
		</bndbox>
	</object>
	<object>
		<name>lift</name>
		<pose>Unspecified</pose>
		<truncated>0</truncated>
		<difficult>0</difficult>
		<bndbox>
			<xmin>841</xmin>
			<ymin>313</ymin>
			<xmax>888</xmax>
			<ymax>365</ymax>
		</bndbox>
	</object>
	<object>
		<name>lift</name>
		<pose>Unspecified</pose>
		<truncated>0</truncated>
		<difficult>0</difficult>
		<bndbox>
			<xmin>783</xmin>
			<ymin>280</ymin>
			<xmax>835</xmax>
			<ymax>326</ymax>
		</bndbox>
	</object>
	<object>
		<name>column_cir</name>
		<pose>Unspecified</pose>
		<truncated>0</truncated>
		<difficult>0</difficult>
		<bndbox>
			<xmin>1053</xmin>
			<ymin>165</ymin>
			<xmax>1072</xmax>
			<ymax>195</ymax>
		</bndbox>
	</object>
	<object>
		<name>column_cir</name>
		<pose>Unspecified</pose>
		<truncated>0</truncated>
		<difficult>0</difficult>
		<bndbox>
			<xmin>997</xmin>
			<ymin>261</ymin>
			<xmax>1011</xmax>
			<ymax>276</ymax>
		</bndbox>
	</object>
	<object>
		<name>column_cir</name>
		<pose>Unspecified</pose>
		<truncated>0</truncated>
		<difficult>0</difficult>
		<bndbox>
			<xmin>1044</xmin>
			<ymin>293</ymin>
			<xmax>1065</xmax>
			<ymax>311</ymax>
		</bndbox>
	</object>
	<object>
		<name>column_cir</name>
		<pose>Unspecified</pose>
		<truncated>0</truncated>
		<difficult>0</difficult>
		<bndbox>
			<xmin>1017</xmin>
			<ymin>376</ymin>
			<xmax>1035</xmax>
			<ymax>397</ymax>
		</bndbox>
	</object>
	<object>
		<name>column_cir</name>
		<pose>Unspecified</pose>
		<truncated>0</truncated>
		<difficult>0</difficult>
		<bndbox>
			<xmin>945</xmin>
			<ymin>329</ymin>
			<xmax>959</xmax>
			<ymax>347</ymax>
		</bndbox>
	</object>
</annotation>