<annotation>
	<folder>arcad</folder>
	<filename>Slide19.JPG</filename>
	<path>/arcad/Slide19.JPG</path>
	<source>
		<database>Unspecified</database>
	</source>
	<size>
		<width>1280</width>
		<height>720</height>
		<depth>3</depth>
	</size>
	<object>
		<name>door</name>
		<pose>Unspecified</pose>
		<truncated>0</truncated>
		<difficult>0</difficult>
		<bndbox>
			<xmin>297</xmin>
			<ymin>294</ymin>
			<xmax>335</xmax>
			<ymax>333</ymax>
		</bndbox>
	</object>
	<object>
		<name>door</name>
		<pose>Unspecified</pose>
		<truncated>0</truncated>
		<difficult>0</difficult>
		<bndbox>
			<xmin>351</xmin>
			<ymin>243</ymin>
			<xmax>382</xmax>
			<ymax>280</ymax>
		</bndbox>
	</object>
	<object>
		<name>door</name>
		<pose>Unspecified</pose>
		<truncated>0</truncated>
		<difficult>0</difficult>
		<bndbox>
			<xmin>634</xmin>
			<ymin>292</ymin>
			<xmax>675</xmax>
			<ymax>333</ymax>
		</bndbox>
	</object>
	<object>
		<name>door</name>
		<pose>Unspecified</pose>
		<truncated>0</truncated>
		<difficult>0</difficult>
		<bndbox>
			<xmin>688</xmin>
			<ymin>491</ymin>
			<xmax>715</xmax>
			<ymax>517</ymax>
		</bndbox>
	</object>
	<object>
		<name>door</name>
		<pose>Unspecified</pose>
		<truncated>0</truncated>
		<difficult>0</difficult>
		<bndbox>
			<xmin>685</xmin>
			<ymin>523</ymin>
			<xmax>716</xmax>
			<ymax>554</ymax>
		</bndbox>
	</object>
	<object>
		<name>door</name>
		<pose>Unspecified</pose>
		<truncated>0</truncated>
		<difficult>0</difficult>
		<bndbox>
			<xmin>416</xmin>
			<ymin>624</ymin>
			<xmax>445</xmax>
			<ymax>653</ymax>
		</bndbox>
	</object>
	<object>
		<name>door_double</name>
		<pose>Unspecified</pose>
		<truncated>0</truncated>
		<difficult>0</difficult>
		<bndbox>
			<xmin>433</xmin>
			<ymin>345</ymin>
			<xmax>494</xmax>
			<ymax>383</ymax>
		</bndbox>
	</object>
	<object>
		<name>door_double</name>
		<pose>Unspecified</pose>
		<truncated>0</truncated>
		<difficult>0</difficult>
		<bndbox>
			<xmin>552</xmin>
			<ymin>348</ymin>
			<xmax>615</xmax>
			<ymax>385</ymax>
		</bndbox>
	</object>
	<object>
		<name>staircase_up</name>
		<pose>Unspecified</pose>
		<truncated>0</truncated>
		<difficult>0</difficult>
		<bndbox>
			<xmin>680</xmin>
			<ymin>341</ymin>
			<xmax>719</xmax>
			<ymax>489</ymax>
		</bndbox>
	</object>
	<object>
		<name>staircase_up</name>
		<pose>Unspecified</pose>
		<truncated>0</truncated>
		<difficult>0</difficult>
		<bndbox>
			<xmin>299</xmin>
			<ymin>279</ymin>
			<xmax>635</xmax>
			<ymax>348</ymax>
		</bndbox>
	</object>
	<object>
		<name>door_double</name>
		<pose>Unspecified</pose>
		<truncated>0</truncated>
		<difficult>0</difficult>
		<bndbox>
			<xmin>377</xmin>
			<ymin>160</ymin>
			<xmax>415</xmax>
			<ymax>230</ymax>
		</bndbox>
	</object>
	<object>
		<name>door</name>
		<pose>Unspecified</pose>
		<truncated>0</truncated>
		<difficult>0</difficult>
		<bndbox>
			<xmin>272</xmin>
			<ymin>227</ymin>
			<xmax>302</xmax>
			<ymax>260</ymax>
		</bndbox>
	</object>
	<object>
		<name>door_double</name>
		<pose>Unspecified</pose>
		<truncated>0</truncated>
		<difficult>0</difficult>
		<bndbox>
			<xmin>687</xmin>
			<ymin>131</ymin>
			<xmax>712</xmax>
			<ymax>184</ymax>
		</bndbox>
	</object>
	<object>
		<name>door_double</name>
		<pose>Unspecified</pose>
		<truncated>0</truncated>
		<difficult>0</difficult>
		<bndbox>
			<xmin>874</xmin>
			<ymin>574</ymin>
			<xmax>903</xmax>
			<ymax>628</ymax>
		</bndbox>
	</object>
	<object>
		<name>door_double</name>
		<pose>Unspecified</pose>
		<truncated>0</truncated>
		<difficult>0</difficult>
		<bndbox>
			<xmin>918</xmin>
			<ymin>439</ymin>
			<xmax>956</xmax>
			<ymax>502</ymax>
		</bndbox>
	</object>
	<object>
		<name>door_double</name>
		<pose>Unspecified</pose>
		<truncated>0</truncated>
		<difficult>0</difficult>
		<bndbox>
			<xmin>870</xmin>
			<ymin>316</ymin>
			<xmax>903</xmax>
			<ymax>367</ymax>
		</bndbox>
	</object>
	<object>
		<name>door_double</name>
		<pose>Unspecified</pose>
		<truncated>0</truncated>
		<difficult>0</difficult>
		<bndbox>
			<xmin>873</xmin>
			<ymin>163</ymin>
			<xmax>912</xmax>
			<ymax>213</ymax>
		</bndbox>
	</object>
	<object>
		<name>door_double</name>
		<pose>Unspecified</pose>
		<truncated>0</truncated>
		<difficult>0</difficult>
		<bndbox>
			<xmin>872</xmin>
			<ymin>238</ymin>
			<xmax>901</xmax>
			<ymax>291</ymax>
		</bndbox>
	</object>
	<object>
		<name>window</name>
		<pose>Unspecified</pose>
		<truncated>0</truncated>
		<difficult>0</difficult>
		<bndbox>
			<xmin>335</xmin>
			<ymin>489</ymin>
			<xmax>345</xmax>
			<ymax>629</ymax>
		</bndbox>
	</object>
</annotation>