<annotation>
	<folder>arcad</folder>
	<filename>Slide37.JPG</filename>
	<path>/arcad/Slide37.JPG</path>
	<source>
		<database>Unspecified</database>
	</source>
	<size>
		<width>1280</width>
		<height>720</height>
		<depth>3</depth>
	</size>
	<object>
		<name>staircase_up</name>
		<pose>Unspecified</pose>
		<truncated>0</truncated>
		<difficult>0</difficult>
		<bndbox>
			<xmin>351</xmin>
			<ymin>317</ymin>
			<xmax>448</xmax>
			<ymax>396</ymax>
		</bndbox>
	</object>
	<object>
		<name>staircase_up</name>
		<pose>Unspecified</pose>
		<truncated>0</truncated>
		<difficult>0</difficult>
		<bndbox>
			<xmin>517</xmin>
			<ymin>105</ymin>
			<xmax>556</xmax>
			<ymax>152</ymax>
		</bndbox>
	</object>
	<object>
		<name>lift</name>
		<pose>Unspecified</pose>
		<truncated>0</truncated>
		<difficult>0</difficult>
		<bndbox>
			<xmin>551</xmin>
			<ymin>430</ymin>
			<xmax>582</xmax>
			<ymax>463</ymax>
		</bndbox>
	</object>
	<object>
		<name>staircase_up</name>
		<pose>Unspecified</pose>
		<truncated>0</truncated>
		<difficult>0</difficult>
		<bndbox>
			<xmin>701</xmin>
			<ymin>494</ymin>
			<xmax>740</xmax>
			<ymax>535</ymax>
		</bndbox>
	</object>
	<object>
		<name>lift</name>
		<pose>Unspecified</pose>
		<truncated>0</truncated>
		<difficult>0</difficult>
		<bndbox>
			<xmin>560</xmin>
			<ymin>448</ymin>
			<xmax>594</xmax>
			<ymax>478</ymax>
		</bndbox>
	</object>
	<object>
		<name>lift</name>
		<pose>Unspecified</pose>
		<truncated>0</truncated>
		<difficult>0</difficult>
		<bndbox>
			<xmin>568</xmin>
			<ymin>466</ymin>
			<xmax>610</xmax>
			<ymax>496</ymax>
		</bndbox>
	</object>
	<object>
		<name>lift</name>
		<pose>Unspecified</pose>
		<truncated>0</truncated>
		<difficult>0</difficult>
		<bndbox>
			<xmin>712</xmin>
			<ymin>253</ymin>
			<xmax>750</xmax>
			<ymax>288</ymax>
		</bndbox>
	</object>
	<object>
		<name>lift</name>
		<pose>Unspecified</pose>
		<truncated>0</truncated>
		<difficult>0</difficult>
		<bndbox>
			<xmin>725</xmin>
			<ymin>231</ymin>
			<xmax>761</xmax>
			<ymax>263</ymax>
		</bndbox>
	</object>
	<object>
		<name>lift</name>
		<pose>Unspecified</pose>
		<truncated>0</truncated>
		<difficult>0</difficult>
		<bndbox>
			<xmin>766</xmin>
			<ymin>254</ymin>
			<xmax>799</xmax>
			<ymax>288</ymax>
		</bndbox>
	</object>
	<object>
		<name>lift</name>
		<pose>Unspecified</pose>
		<truncated>0</truncated>
		<difficult>0</difficult>
		<bndbox>
			<xmin>754</xmin>
			<ymin>285</ymin>
			<xmax>784</xmax>
			<ymax>324</ymax>
		</bndbox>
	</object>
	<object>
		<name>staircase_up</name>
		<pose>Unspecified</pose>
		<truncated>0</truncated>
		<difficult>0</difficult>
		<bndbox>
			<xmin>695</xmin>
			<ymin>236</ymin>
			<xmax>729</xmax>
			<ymax>274</ymax>
		</bndbox>
	</object>
	<object>
		<name>column_cir</name>
		<pose>Unspecified</pose>
		<truncated>0</truncated>
		<difficult>0</difficult>
		<bndbox>
			<xmin>597</xmin>
			<ymin>128</ymin>
			<xmax>616</xmax>
			<ymax>147</ymax>
		</bndbox>
	</object>
	<object>
		<name>column_cir</name>
		<pose>Unspecified</pose>
		<truncated>0</truncated>
		<difficult>0</difficult>
		<bndbox>
			<xmin>642</xmin>
			<ymin>74</ymin>
			<xmax>657</xmax>
			<ymax>90</ymax>
		</bndbox>
	</object>
	<object>
		<name>column_cir</name>
		<pose>Unspecified</pose>
		<truncated>0</truncated>
		<difficult>0</difficult>
		<bndbox>
			<xmin>697</xmin>
			<ymin>110</ymin>
			<xmax>717</xmax>
			<ymax>133</ymax>
		</bndbox>
	</object>
	<object>
		<name>column_cir</name>
		<pose>Unspecified</pose>
		<truncated>0</truncated>
		<difficult>0</difficult>
		<bndbox>
			<xmin>659</xmin>
			<ymin>173</ymin>
			<xmax>677</xmax>
			<ymax>189</ymax>
		</bndbox>
	</object>
	<object>
		<name>column_cir</name>
		<pose>Unspecified</pose>
		<truncated>0</truncated>
		<difficult>0</difficult>
		<bndbox>
			<xmin>757</xmin>
			<ymin>152</ymin>
			<xmax>776</xmax>
			<ymax>172</ymax>
		</bndbox>
	</object>
	<object>
		<name>column_cir</name>
		<pose>Unspecified</pose>
		<truncated>0</truncated>
		<difficult>0</difficult>
		<bndbox>
			<xmin>806</xmin>
			<ymin>210</ymin>
			<xmax>825</xmax>
			<ymax>235</ymax>
		</bndbox>
	</object>
	<object>
		<name>column_cir</name>
		<pose>Unspecified</pose>
		<truncated>0</truncated>
		<difficult>0</difficult>
		<bndbox>
			<xmin>628</xmin>
			<ymin>210</ymin>
			<xmax>649</xmax>
			<ymax>229</ymax>
		</bndbox>
	</object>
	<object>
		<name>column_cir</name>
		<pose>Unspecified</pose>
		<truncated>0</truncated>
		<difficult>0</difficult>
		<bndbox>
			<xmin>570</xmin>
			<ymin>170</ymin>
			<xmax>588</xmax>
			<ymax>188</ymax>
		</bndbox>
	</object>
	<object>
		<name>column_cir</name>
		<pose>Unspecified</pose>
		<truncated>0</truncated>
		<difficult>0</difficult>
		<bndbox>
			<xmin>484</xmin>
			<ymin>164</ymin>
			<xmax>508</xmax>
			<ymax>185</ymax>
		</bndbox>
	</object>
	<object>
		<name>column_cir</name>
		<pose>Unspecified</pose>
		<truncated>0</truncated>
		<difficult>0</difficult>
		<bndbox>
			<xmin>607</xmin>
			<ymin>244</ymin>
			<xmax>624</xmax>
			<ymax>259</ymax>
		</bndbox>
	</object>
	<object>
		<name>column_cir</name>
		<pose>Unspecified</pose>
		<truncated>0</truncated>
		<difficult>0</difficult>
		<bndbox>
			<xmin>662</xmin>
			<ymin>295</ymin>
			<xmax>679</xmax>
			<ymax>309</ymax>
		</bndbox>
	</object>
	<object>
		<name>column_cir</name>
		<pose>Unspecified</pose>
		<truncated>0</truncated>
		<difficult>0</difficult>
		<bndbox>
			<xmin>602</xmin>
			<ymin>351</ymin>
			<xmax>622</xmax>
			<ymax>373</ymax>
		</bndbox>
	</object>
	<object>
		<name>column_cir</name>
		<pose>Unspecified</pose>
		<truncated>0</truncated>
		<difficult>0</difficult>
		<bndbox>
			<xmin>636</xmin>
			<ymin>367</ymin>
			<xmax>657</xmax>
			<ymax>389</ymax>
		</bndbox>
	</object>
	<object>
		<name>column_cir</name>
		<pose>Unspecified</pose>
		<truncated>0</truncated>
		<difficult>0</difficult>
		<bndbox>
			<xmin>677</xmin>
			<ymin>428</ymin>
			<xmax>692</xmax>
			<ymax>446</ymax>
		</bndbox>
	</object>
	<object>
		<name>column_cir</name>
		<pose>Unspecified</pose>
		<truncated>0</truncated>
		<difficult>0</difficult>
		<bndbox>
			<xmin>511</xmin>
			<ymin>445</ymin>
			<xmax>533</xmax>
			<ymax>459</ymax>
		</bndbox>
	</object>
	<object>
		<name>column_cir</name>
		<pose>Unspecified</pose>
		<truncated>0</truncated>
		<difficult>0</difficult>
		<bndbox>
			<xmin>551</xmin>
			<ymin>503</ymin>
			<xmax>571</xmax>
			<ymax>524</ymax>
		</bndbox>
	</object>
	<object>
		<name>column_cir</name>
		<pose>Unspecified</pose>
		<truncated>0</truncated>
		<difficult>0</difficult>
		<bndbox>
			<xmin>586</xmin>
			<ymin>558</ymin>
			<xmax>599</xmax>
			<ymax>572</ymax>
		</bndbox>
	</object>
	<object>
		<name>column_cir</name>
		<pose>Unspecified</pose>
		<truncated>0</truncated>
		<difficult>0</difficult>
		<bndbox>
			<xmin>648</xmin>
			<ymin>515</ymin>
			<xmax>668</xmax>
			<ymax>538</ymax>
		</bndbox>
	</object>
	<object>
		<name>column_cir</name>
		<pose>Unspecified</pose>
		<truncated>0</truncated>
		<difficult>0</difficult>
		<bndbox>
			<xmin>679</xmin>
			<ymin>561</ymin>
			<xmax>699</xmax>
			<ymax>586</ymax>
		</bndbox>
	</object>
	<object>
		<name>column_cir</name>
		<pose>Unspecified</pose>
		<truncated>0</truncated>
		<difficult>0</difficult>
		<bndbox>
			<xmin>875</xmin>
			<ymin>236</ymin>
			<xmax>894</xmax>
			<ymax>256</ymax>
		</bndbox>
	</object>
	<object>
		<name>column_cir</name>
		<pose>Unspecified</pose>
		<truncated>0</truncated>
		<difficult>0</difficult>
		<bndbox>
			<xmin>938</xmin>
			<ymin>279</ymin>
			<xmax>956</xmax>
			<ymax>299</ymax>
		</bndbox>
	</object>
	<object>
		<name>column_cir</name>
		<pose>Unspecified</pose>
		<truncated>0</truncated>
		<difficult>0</difficult>
		<bndbox>
			<xmin>997</xmin>
			<ymin>319</ymin>
			<xmax>1013</xmax>
			<ymax>338</ymax>
		</bndbox>
	</object>
	<object>
		<name>column_cir</name>
		<pose>Unspecified</pose>
		<truncated>0</truncated>
		<difficult>0</difficult>
		<bndbox>
			<xmin>725</xmin>
			<ymin>329</ymin>
			<xmax>741</xmax>
			<ymax>346</ymax>
		</bndbox>
	</object>
	<object>
		<name>column_cir</name>
		<pose>Unspecified</pose>
		<truncated>0</truncated>
		<difficult>0</difficult>
		<bndbox>
			<xmin>832</xmin>
			<ymin>294</ymin>
			<xmax>852</xmax>
			<ymax>313</ymax>
		</bndbox>
	</object>
	<object>
		<name>column_cir</name>
		<pose>Unspecified</pose>
		<truncated>0</truncated>
		<difficult>0</difficult>
		<bndbox>
			<xmin>810</xmin>
			<ymin>336</ymin>
			<xmax>828</xmax>
			<ymax>357</ymax>
		</bndbox>
	</object>
	<object>
		<name>column_cir</name>
		<pose>Unspecified</pose>
		<truncated>0</truncated>
		<difficult>0</difficult>
		<bndbox>
			<xmin>783</xmin>
			<ymin>369</ymin>
			<xmax>801</xmax>
			<ymax>389</ymax>
		</bndbox>
	</object>
	<object>
		<name>column_cir</name>
		<pose>Unspecified</pose>
		<truncated>0</truncated>
		<difficult>0</difficult>
		<bndbox>
			<xmin>838</xmin>
			<ymin>416</ymin>
			<xmax>862</xmax>
			<ymax>431</ymax>
		</bndbox>
	</object>
	<object>
		<name>column_cir</name>
		<pose>Unspecified</pose>
		<truncated>0</truncated>
		<difficult>0</difficult>
		<bndbox>
			<xmin>865</xmin>
			<ymin>374</ymin>
			<xmax>887</xmax>
			<ymax>399</ymax>
		</bndbox>
	</object>
	<object>
		<name>column_cir</name>
		<pose>Unspecified</pose>
		<truncated>0</truncated>
		<difficult>0</difficult>
		<bndbox>
			<xmin>898</xmin>
			<ymin>337</ymin>
			<xmax>911</xmax>
			<ymax>356</ymax>
		</bndbox>
	</object>
	<object>
		<name>column_cir</name>
		<pose>Unspecified</pose>
		<truncated>0</truncated>
		<difficult>0</difficult>
		<bndbox>
			<xmin>956</xmin>
			<ymin>378</ymin>
			<xmax>972</xmax>
			<ymax>391</ymax>
		</bndbox>
	</object>
	<object>
		<name>column_cir</name>
		<pose>Unspecified</pose>
		<truncated>0</truncated>
		<difficult>0</difficult>
		<bndbox>
			<xmin>925</xmin>
			<ymin>418</ymin>
			<xmax>939</xmax>
			<ymax>435</ymax>
		</bndbox>
	</object>
	<object>
		<name>column_cir</name>
		<pose>Unspecified</pose>
		<truncated>0</truncated>
		<difficult>0</difficult>
		<bndbox>
			<xmin>945</xmin>
			<ymin>425</ymin>
			<xmax>968</xmax>
			<ymax>448</ymax>
		</bndbox>
	</object>
	<object>
		<name>column_cir</name>
		<pose>Unspecified</pose>
		<truncated>0</truncated>
		<difficult>0</difficult>
		<bndbox>
			<xmin>900</xmin>
			<ymin>454</ymin>
			<xmax>916</xmax>
			<ymax>475</ymax>
		</bndbox>
	</object>
	<object>
		<name>column_cir</name>
		<pose>Unspecified</pose>
		<truncated>0</truncated>
		<difficult>0</difficult>
		<bndbox>
			<xmin>923</xmin>
			<ymin>468</ymin>
			<xmax>943</xmax>
			<ymax>492</ymax>
		</bndbox>
	</object>
	<object>
		<name>column_cir</name>
		<pose>Unspecified</pose>
		<truncated>0</truncated>
		<difficult>0</difficult>
		<bndbox>
			<xmin>614</xmin>
			<ymin>463</ymin>
			<xmax>631</xmax>
			<ymax>479</ymax>
		</bndbox>
	</object>
	<object>
		<name>column_cir</name>
		<pose>Unspecified</pose>
		<truncated>0</truncated>
		<difficult>0</difficult>
		<bndbox>
			<xmin>518</xmin>
			<ymin>573</ymin>
			<xmax>546</xmax>
			<ymax>594</ymax>
		</bndbox>
	</object>
	<object>
		<name>column_cir</name>
		<pose>Unspecified</pose>
		<truncated>0</truncated>
		<difficult>0</difficult>
		<bndbox>
			<xmin>541</xmin>
			<ymin>605</ymin>
			<xmax>568</xmax>
			<ymax>626</ymax>
		</bndbox>
	</object>
	<object>
		<name>column_cir</name>
		<pose>Unspecified</pose>
		<truncated>0</truncated>
		<difficult>0</difficult>
		<bndbox>
			<xmin>619</xmin>
			<ymin>603</ymin>
			<xmax>638</xmax>
			<ymax>623</ymax>
		</bndbox>
	</object>
	<object>
		<name>column_cir</name>
		<pose>Unspecified</pose>
		<truncated>0</truncated>
		<difficult>0</difficult>
		<bndbox>
			<xmin>699</xmin>
			<ymin>595</ymin>
			<xmax>720</xmax>
			<ymax>618</ymax>
		</bndbox>
	</object>
	<object>
		<name>column_cir</name>
		<pose>Unspecified</pose>
		<truncated>0</truncated>
		<difficult>0</difficult>
		<bndbox>
			<xmin>732</xmin>
			<ymin>519</ymin>
			<xmax>759</xmax>
			<ymax>550</ymax>
		</bndbox>
	</object>
	<object>
		<name>column_cir</name>
		<pose>Unspecified</pose>
		<truncated>0</truncated>
		<difficult>0</difficult>
		<bndbox>
			<xmin>751</xmin>
			<ymin>554</ymin>
			<xmax>785</xmax>
			<ymax>580</ymax>
		</bndbox>
	</object>
</annotation>