<annotation>
	<folder>arcad</folder>
	<filename>Slide4.JPG</filename>
	<path>/arcad/Slide4.JPG</path>
	<source>
		<database>Unspecified</database>
	</source>
	<size>
		<width>1280</width>
		<height>720</height>
		<depth>3</depth>
	</size>
	<object>
		<name>window</name>
		<pose>Unspecified</pose>
		<truncated>0</truncated>
		<difficult>0</difficult>
		<bndbox>
			<xmin>129</xmin>
			<ymin>310</ymin>
			<xmax>140</xmax>
			<ymax>357</ymax>
		</bndbox>
	</object>
	<object>
		<name>window</name>
		<pose>Unspecified</pose>
		<truncated>0</truncated>
		<difficult>0</difficult>
		<bndbox>
			<xmin>1026</xmin>
			<ymin>391</ymin>
			<xmax>1036</xmax>
			<ymax>431</ymax>
		</bndbox>
	</object>
	<object>
		<name>door_double</name>
		<pose>Unspecified</pose>
		<truncated>0</truncated>
		<difficult>0</difficult>
		<bndbox>
			<xmin>511</xmin>
			<ymin>326</ymin>
			<xmax>541</xmax>
			<ymax>347</ymax>
		</bndbox>
	</object>
	<object>
		<name>door_double</name>
		<pose>Unspecified</pose>
		<truncated>0</truncated>
		<difficult>0</difficult>
		<bndbox>
			<xmin>609</xmin>
			<ymin>327</ymin>
			<xmax>637</xmax>
			<ymax>345</ymax>
		</bndbox>
	</object>
	<object>
		<name>door_double</name>
		<pose>Unspecified</pose>
		<truncated>0</truncated>
		<difficult>0</difficult>
		<bndbox>
			<xmin>648</xmin>
			<ymin>324</ymin>
			<xmax>678</xmax>
			<ymax>350</ymax>
		</bndbox>
	</object>
	<object>
		<name>door_double</name>
		<pose>Unspecified</pose>
		<truncated>0</truncated>
		<difficult>0</difficult>
		<bndbox>
			<xmin>745</xmin>
			<ymin>325</ymin>
			<xmax>775</xmax>
			<ymax>345</ymax>
		</bndbox>
	</object>
	<object>
		<name>door_double</name>
		<pose>Unspecified</pose>
		<truncated>0</truncated>
		<difficult>0</difficult>
		<bndbox>
			<xmin>508</xmin>
			<ymin>398</ymin>
			<xmax>536</xmax>
			<ymax>419</ymax>
		</bndbox>
	</object>
	<object>
		<name>door_double</name>
		<pose>Unspecified</pose>
		<truncated>0</truncated>
		<difficult>0</difficult>
		<bndbox>
			<xmin>473</xmin>
			<ymin>327</ymin>
			<xmax>502</xmax>
			<ymax>348</ymax>
		</bndbox>
	</object>
	<object>
		<name>door_double</name>
		<pose>Unspecified</pose>
		<truncated>0</truncated>
		<difficult>0</difficult>
		<bndbox>
			<xmin>341</xmin>
			<ymin>327</ymin>
			<xmax>367</xmax>
			<ymax>345</ymax>
		</bndbox>
	</object>
	<object>
		<name>door_double</name>
		<pose>Unspecified</pose>
		<truncated>0</truncated>
		<difficult>0</difficult>
		<bndbox>
			<xmin>209</xmin>
			<ymin>309</ymin>
			<xmax>225</xmax>
			<ymax>333</ymax>
		</bndbox>
	</object>
	<object>
		<name>door_double</name>
		<pose>Unspecified</pose>
		<truncated>0</truncated>
		<difficult>0</difficult>
		<bndbox>
			<xmin>237</xmin>
			<ymin>330</ymin>
			<xmax>264</xmax>
			<ymax>349</ymax>
		</bndbox>
	</object>
	<object>
		<name>door_double</name>
		<pose>Unspecified</pose>
		<truncated>0</truncated>
		<difficult>0</difficult>
		<bndbox>
			<xmin>271</xmin>
			<ymin>401</ymin>
			<xmax>298</xmax>
			<ymax>421</ymax>
		</bndbox>
	</object>
	<object>
		<name>door_double</name>
		<pose>Unspecified</pose>
		<truncated>0</truncated>
		<difficult>0</difficult>
		<bndbox>
			<xmin>846</xmin>
			<ymin>193</ymin>
			<xmax>873</xmax>
			<ymax>210</ymax>
		</bndbox>
	</object>
	<object>
		<name>door_double</name>
		<pose>Unspecified</pose>
		<truncated>0</truncated>
		<difficult>0</difficult>
		<bndbox>
			<xmin>841</xmin>
			<ymin>425</ymin>
			<xmax>860</xmax>
			<ymax>451</ymax>
		</bndbox>
	</object>
	<object>
		<name>door_double</name>
		<pose>Unspecified</pose>
		<truncated>0</truncated>
		<difficult>0</difficult>
		<bndbox>
			<xmin>920</xmin>
			<ymin>388</ymin>
			<xmax>937</xmax>
			<ymax>413</ymax>
		</bndbox>
	</object>
	<object>
		<name>door_double</name>
		<pose>Unspecified</pose>
		<truncated>0</truncated>
		<difficult>0</difficult>
		<bndbox>
			<xmin>946</xmin>
			<ymin>388</ymin>
			<xmax>959</xmax>
			<ymax>409</ymax>
		</bndbox>
	</object>
	<object>
		<name>door</name>
		<pose>Unspecified</pose>
		<truncated>0</truncated>
		<difficult>0</difficult>
		<bndbox>
			<xmin>624</xmin>
			<ymin>411</ymin>
			<xmax>644</xmax>
			<ymax>431</ymax>
		</bndbox>
	</object>
	<object>
		<name>door</name>
		<pose>Unspecified</pose>
		<truncated>0</truncated>
		<difficult>0</difficult>
		<bndbox>
			<xmin>647</xmin>
			<ymin>454</ymin>
			<xmax>671</xmax>
			<ymax>471</ymax>
		</bndbox>
	</object>
	<object>
		<name>door</name>
		<pose>Unspecified</pose>
		<truncated>0</truncated>
		<difficult>0</difficult>
		<bndbox>
			<xmin>633</xmin>
			<ymin>431</ymin>
			<xmax>651</xmax>
			<ymax>450</ymax>
		</bndbox>
	</object>
	<object>
		<name>door</name>
		<pose>Unspecified</pose>
		<truncated>0</truncated>
		<difficult>0</difficult>
		<bndbox>
			<xmin>608</xmin>
			<ymin>433</ymin>
			<xmax>627</xmax>
			<ymax>453</ymax>
		</bndbox>
	</object>
	<object>
		<name>door</name>
		<pose>Unspecified</pose>
		<truncated>0</truncated>
		<difficult>0</difficult>
		<bndbox>
			<xmin>624</xmin>
			<ymin>460</ymin>
			<xmax>642</xmax>
			<ymax>480</ymax>
		</bndbox>
	</object>
	<object>
		<name>door</name>
		<pose>Unspecified</pose>
		<truncated>0</truncated>
		<difficult>0</difficult>
		<bndbox>
			<xmin>560</xmin>
			<ymin>402</ymin>
			<xmax>583</xmax>
			<ymax>425</ymax>
		</bndbox>
	</object>
	<object>
		<name>lift</name>
		<pose>Unspecified</pose>
		<truncated>0</truncated>
		<difficult>0</difficult>
		<bndbox>
			<xmin>276</xmin>
			<ymin>263</ymin>
			<xmax>314</xmax>
			<ymax>301</ymax>
		</bndbox>
	</object>
	<object>
		<name>lift</name>
		<pose>Unspecified</pose>
		<truncated>0</truncated>
		<difficult>0</difficult>
		<bndbox>
			<xmin>275</xmin>
			<ymin>219</ymin>
			<xmax>327</xmax>
			<ymax>254</ymax>
		</bndbox>
	</object>
	<object>
		<name>column_reg</name>
		<pose>Unspecified</pose>
		<truncated>0</truncated>
		<difficult>0</difficult>
		<bndbox>
			<xmin>636</xmin>
			<ymin>216</ymin>
			<xmax>652</xmax>
			<ymax>235</ymax>
		</bndbox>
	</object>
	<object>
		<name>column_reg</name>
		<pose>Unspecified</pose>
		<truncated>0</truncated>
		<difficult>0</difficult>
		<bndbox>
			<xmin>772</xmin>
			<ymin>219</ymin>
			<xmax>786</xmax>
			<ymax>233</ymax>
		</bndbox>
	</object>
	<object>
		<name>column_reg</name>
		<pose>Unspecified</pose>
		<truncated>0</truncated>
		<difficult>0</difficult>
		<bndbox>
			<xmin>905</xmin>
			<ymin>214</ymin>
			<xmax>926</xmax>
			<ymax>236</ymax>
		</bndbox>
	</object>
	<object>
		<name>column_reg</name>
		<pose>Unspecified</pose>
		<truncated>0</truncated>
		<difficult>0</difficult>
		<bndbox>
			<xmin>904</xmin>
			<ymin>329</ymin>
			<xmax>928</xmax>
			<ymax>347</ymax>
		</bndbox>
	</object>
	<object>
		<name>column_reg</name>
		<pose>Unspecified</pose>
		<truncated>0</truncated>
		<difficult>0</difficult>
		<bndbox>
			<xmin>769</xmin>
			<ymin>329</ymin>
			<xmax>794</xmax>
			<ymax>349</ymax>
		</bndbox>
	</object>
	<object>
		<name>column_reg</name>
		<pose>Unspecified</pose>
		<truncated>0</truncated>
		<difficult>0</difficult>
		<bndbox>
			<xmin>634</xmin>
			<ymin>331</ymin>
			<xmax>648</xmax>
			<ymax>349</ymax>
		</bndbox>
	</object>
	<object>
		<name>column_reg</name>
		<pose>Unspecified</pose>
		<truncated>0</truncated>
		<difficult>0</difficult>
		<bndbox>
			<xmin>499</xmin>
			<ymin>327</ymin>
			<xmax>515</xmax>
			<ymax>350</ymax>
		</bndbox>
	</object>
	<object>
		<name>column_reg</name>
		<pose>Unspecified</pose>
		<truncated>0</truncated>
		<difficult>0</difficult>
		<bndbox>
			<xmin>361</xmin>
			<ymin>326</ymin>
			<xmax>386</xmax>
			<ymax>346</ymax>
		</bndbox>
	</object>
	<object>
		<name>column_reg</name>
		<pose>Unspecified</pose>
		<truncated>0</truncated>
		<difficult>0</difficult>
		<bndbox>
			<xmin>363</xmin>
			<ymin>216</ymin>
			<xmax>383</xmax>
			<ymax>236</ymax>
		</bndbox>
	</object>
	<object>
		<name>column_reg</name>
		<pose>Unspecified</pose>
		<truncated>0</truncated>
		<difficult>0</difficult>
		<bndbox>
			<xmin>496</xmin>
			<ymin>217</ymin>
			<xmax>519</xmax>
			<ymax>234</ymax>
		</bndbox>
	</object>
	<object>
		<name>column_reg</name>
		<pose>Unspecified</pose>
		<truncated>0</truncated>
		<difficult>0</difficult>
		<bndbox>
			<xmin>364</xmin>
			<ymin>508</ymin>
			<xmax>383</xmax>
			<ymax>530</ymax>
		</bndbox>
	</object>
	<object>
		<name>column_reg</name>
		<pose>Unspecified</pose>
		<truncated>0</truncated>
		<difficult>0</difficult>
		<bndbox>
			<xmin>497</xmin>
			<ymin>509</ymin>
			<xmax>522</xmax>
			<ymax>533</ymax>
		</bndbox>
	</object>
	<object>
		<name>column_reg</name>
		<pose>Unspecified</pose>
		<truncated>0</truncated>
		<difficult>0</difficult>
		<bndbox>
			<xmin>633</xmin>
			<ymin>514</ymin>
			<xmax>653</xmax>
			<ymax>530</ymax>
		</bndbox>
	</object>
	<object>
		<name>staircase_up</name>
		<pose>Unspecified</pose>
		<truncated>0</truncated>
		<difficult>0</difficult>
		<bndbox>
			<xmin>135</xmin>
			<ymin>311</ymin>
			<xmax>215</xmax>
			<ymax>357</ymax>
		</bndbox>
	</object>
	<object>
		<name>column_reg</name>
		<pose>Unspecified</pose>
		<truncated>0</truncated>
		<difficult>0</difficult>
		<bndbox>
			<xmin>229</xmin>
			<ymin>514</ymin>
			<xmax>242</xmax>
			<ymax>526</ymax>
		</bndbox>
	</object>
	<object>
		<name>interior_wall</name>
		<pose>Unspecified</pose>
		<truncated>0</truncated>
		<difficult>0</difficult>
		<bndbox>
			<xmin>212</xmin>
			<ymin>402</ymin>
			<xmax>274</xmax>
			<ymax>411</ymax>
		</bndbox>
	</object>
	<object>
		<name>interior_wall</name>
		<pose>Unspecified</pose>
		<truncated>0</truncated>
		<difficult>0</difficult>
		<bndbox>
			<xmin>294</xmin>
			<ymin>402</ymin>
			<xmax>519</xmax>
			<ymax>410</ymax>
		</bndbox>
	</object>
	<object>
		<name>interior_wall</name>
		<pose>Unspecified</pose>
		<truncated>0</truncated>
		<difficult>0</difficult>
		<bndbox>
			<xmin>501</xmin>
			<ymin>396</ymin>
			<xmax>515</xmax>
			<ymax>427</ymax>
		</bndbox>
	</object>
	<object>
		<name>interior_wall</name>
		<pose>Unspecified</pose>
		<truncated>0</truncated>
		<difficult>0</difficult>
		<bndbox>
			<xmin>434</xmin>
			<ymin>203</ymin>
			<xmax>441</xmax>
			<ymax>349</ymax>
		</bndbox>
	</object>
	<object>
		<name>interior_wall</name>
		<pose>Unspecified</pose>
		<truncated>0</truncated>
		<difficult>0</difficult>
		<bndbox>
			<xmin>501</xmin>
			<ymin>205</ymin>
			<xmax>511</xmax>
			<ymax>333</ymax>
		</bndbox>
	</object>
	<object>
		<name>exterior_wall</name>
		<pose>Unspecified</pose>
		<truncated>0</truncated>
		<difficult>0</difficult>
		<bndbox>
			<xmin>224</xmin>
			<ymin>204</ymin>
			<xmax>480</xmax>
			<ymax>213</ymax>
		</bndbox>
	</object>
	<object>
		<name>exterior_wall</name>
		<pose>Unspecified</pose>
		<truncated>0</truncated>
		<difficult>0</difficult>
		<bndbox>
			<xmin>130</xmin>
			<ymin>303</ymin>
			<xmax>229</xmax>
			<ymax>315</ymax>
		</bndbox>
	</object>
	<object>
		<name>exterior_wall</name>
		<pose>Unspecified</pose>
		<truncated>0</truncated>
		<difficult>0</difficult>
		<bndbox>
			<xmin>222</xmin>
			<ymin>203</ymin>
			<xmax>233</xmax>
			<ymax>316</ymax>
		</bndbox>
	</object>
	<object>
		<name>exterior_wall</name>
		<pose>Unspecified</pose>
		<truncated>0</truncated>
		<difficult>0</difficult>
		<bndbox>
			<xmin>211</xmin>
			<ymin>404</ymin>
			<xmax>221</xmax>
			<ymax>536</ymax>
		</bndbox>
	</object>
	<object>
		<name>exterior_wall</name>
		<pose>Unspecified</pose>
		<truncated>0</truncated>
		<difficult>0</difficult>
		<bndbox>
			<xmin>208</xmin>
			<ymin>531</ymin>
			<xmax>553</xmax>
			<ymax>542</ymax>
		</bndbox>
	</object>
	<object>
		<name>exterior_wall</name>
		<pose>Unspecified</pose>
		<truncated>0</truncated>
		<difficult>0</difficult>
		<bndbox>
			<xmin>124</xmin>
			<ymin>353</ymin>
			<xmax>228</xmax>
			<ymax>367</ymax>
		</bndbox>
	</object>
	<object>
		<name>staircase_up</name>
		<pose>Unspecified</pose>
		<truncated>0</truncated>
		<difficult>0</difficult>
		<bndbox>
			<xmin>774</xmin>
			<ymin>460</ymin>
			<xmax>917</xmax>
			<ymax>487</ymax>
		</bndbox>
	</object>
	<object>
		<name>staircase_up</name>
		<pose>Unspecified</pose>
		<truncated>0</truncated>
		<difficult>0</difficult>
		<bndbox>
			<xmin>954</xmin>
			<ymin>390</ymin>
			<xmax>1023</xmax>
			<ymax>433</ymax>
		</bndbox>
	</object>
	<object>
		<name>staircase_down</name>
		<pose>Unspecified</pose>
		<truncated>0</truncated>
		<difficult>0</difficult>
		<bndbox>
			<xmin>780</xmin>
			<ymin>485</ymin>
			<xmax>914</xmax>
			<ymax>512</ymax>
		</bndbox>
	</object>
	<object>
		<name>interior_wall</name>
		<pose>Unspecified</pose>
		<truncated>0</truncated>
		<difficult>0</difficult>
		<bndbox>
			<xmin>267</xmin>
			<ymin>301</ymin>
			<xmax>335</xmax>
			<ymax>310</ymax>
		</bndbox>
	</object>
	<object>
		<name>interior_wall</name>
		<pose>Unspecified</pose>
		<truncated>0</truncated>
		<difficult>0</difficult>
		<bndbox>
			<xmin>257</xmin>
			<ymin>339</ymin>
			<xmax>277</xmax>
			<ymax>351</ymax>
		</bndbox>
	</object>
	<object>
		<name>interior_wall</name>
		<pose>Unspecified</pose>
		<truncated>0</truncated>
		<difficult>0</difficult>
		<bndbox>
			<xmin>222</xmin>
			<ymin>340</ymin>
			<xmax>241</xmax>
			<ymax>348</ymax>
		</bndbox>
	</object>
	<object>
		<name>interior_wall</name>
		<pose>Unspecified</pose>
		<truncated>0</truncated>
		<difficult>0</difficult>
		<bndbox>
			<xmin>220</xmin>
			<ymin>330</ymin>
			<xmax>228</xmax>
			<ymax>357</ymax>
		</bndbox>
	</object>
	<object>
		<name>interior_wall</name>
		<pose>Unspecified</pose>
		<truncated>0</truncated>
		<difficult>0</difficult>
		<bndbox>
			<xmin>267</xmin>
			<ymin>305</ymin>
			<xmax>275</xmax>
			<ymax>348</ymax>
		</bndbox>
	</object>
	<object>
		<name>interior_wall</name>
		<pose>Unspecified</pose>
		<truncated>0</truncated>
		<difficult>0</difficult>
		<bndbox>
			<xmin>325</xmin>
			<ymin>301</ymin>
			<xmax>335</xmax>
			<ymax>348</ymax>
		</bndbox>
	</object>
	<object>
		<name>interior_wall</name>
		<pose>Unspecified</pose>
		<truncated>0</truncated>
		<difficult>0</difficult>
		<bndbox>
			<xmin>325</xmin>
			<ymin>337</ymin>
			<xmax>343</xmax>
			<ymax>349</ymax>
		</bndbox>
	</object>
	<object>
		<name>interior_wall</name>
		<pose>Unspecified</pose>
		<truncated>0</truncated>
		<difficult>0</difficult>
		<bndbox>
			<xmin>373</xmin>
			<ymin>336</ymin>
			<xmax>441</xmax>
			<ymax>348</ymax>
		</bndbox>
	</object>
	<object>
		<name>interior_wall</name>
		<pose>Unspecified</pose>
		<truncated>0</truncated>
		<difficult>0</difficult>
		<bndbox>
			<xmin>437</xmin>
			<ymin>337</ymin>
			<xmax>477</xmax>
			<ymax>346</ymax>
		</bndbox>
	</object>
	<object>
		<name>interior_wall</name>
		<pose>Unspecified</pose>
		<truncated>0</truncated>
		<difficult>0</difficult>
		<bndbox>
			<xmin>531</xmin>
			<ymin>416</ymin>
			<xmax>542</xmax>
			<ymax>490</ymax>
		</bndbox>
	</object>
	<object>
		<name>interior_wall</name>
		<pose>Unspecified</pose>
		<truncated>0</truncated>
		<difficult>0</difficult>
		<bndbox>
			<xmin>533</xmin>
			<ymin>482</ymin>
			<xmax>556</xmax>
			<ymax>488</ymax>
		</bndbox>
	</object>
	<object>
		<name>interior_wall</name>
		<pose>Unspecified</pose>
		<truncated>0</truncated>
		<difficult>0</difficult>
		<bndbox>
			<xmin>546</xmin>
			<ymin>401</ymin>
			<xmax>557</xmax>
			<ymax>541</ymax>
		</bndbox>
	</object>
	<object>
		<name>interior_wall</name>
		<pose>Unspecified</pose>
		<truncated>0</truncated>
		<difficult>0</difficult>
		<bndbox>
			<xmin>552</xmin>
			<ymin>474</ymin>
			<xmax>583</xmax>
			<ymax>485</ymax>
		</bndbox>
	</object>
	<object>
		<name>interior_wall</name>
		<pose>Unspecified</pose>
		<truncated>0</truncated>
		<difficult>0</difficult>
		<bndbox>
			<xmin>577</xmin>
			<ymin>399</ymin>
			<xmax>588</xmax>
			<ymax>488</ymax>
		</bndbox>
	</object>
	<object>
		<name>window</name>
		<pose>Unspecified</pose>
		<truncated>0</truncated>
		<difficult>0</difficult>
		<bndbox>
			<xmin>470</xmin>
			<ymin>97</ymin>
			<xmax>478</xmax>
			<ymax>131</ymax>
		</bndbox>
	</object>
	<object>
		<name>window</name>
		<pose>Unspecified</pose>
		<truncated>0</truncated>
		<difficult>0</difficult>
		<bndbox>
			<xmin>468</xmin>
			<ymin>154</ymin>
			<xmax>480</xmax>
			<ymax>210</ymax>
		</bndbox>
	</object>
	<object>
		<name>window</name>
		<pose>Unspecified</pose>
		<truncated>0</truncated>
		<difficult>0</difficult>
		<bndbox>
			<xmin>465</xmin>
			<ymin>127</ymin>
			<xmax>479</xmax>
			<ymax>154</ymax>
		</bndbox>
	</object>
	<object>
		<name>window</name>
		<pose>Unspecified</pose>
		<truncated>0</truncated>
		<difficult>0</difficult>
		<bndbox>
			<xmin>470</xmin>
			<ymin>68</ymin>
			<xmax>502</xmax>
			<ymax>80</ymax>
		</bndbox>
	</object>
	<object>
		<name>window</name>
		<pose>Unspecified</pose>
		<truncated>0</truncated>
		<difficult>0</difficult>
		<bndbox>
			<xmin>470</xmin>
			<ymin>65</ymin>
			<xmax>485</xmax>
			<ymax>103</ymax>
		</bndbox>
	</object>
	<object>
		<name>window</name>
		<pose>Unspecified</pose>
		<truncated>0</truncated>
		<difficult>0</difficult>
		<bndbox>
			<xmin>495</xmin>
			<ymin>69</ymin>
			<xmax>535</xmax>
			<ymax>79</ymax>
		</bndbox>
	</object>
	<object>
		<name>window</name>
		<pose>Unspecified</pose>
		<truncated>0</truncated>
		<difficult>0</difficult>
		<bndbox>
			<xmin>525</xmin>
			<ymin>69</ymin>
			<xmax>561</xmax>
			<ymax>82</ymax>
		</bndbox>
	</object>
	<object>
		<name>window</name>
		<pose>Unspecified</pose>
		<truncated>0</truncated>
		<difficult>0</difficult>
		<bndbox>
			<xmin>552</xmin>
			<ymin>69</ymin>
			<xmax>588</xmax>
			<ymax>79</ymax>
		</bndbox>
	</object>
	<object>
		<name>window</name>
		<pose>Unspecified</pose>
		<truncated>0</truncated>
		<difficult>0</difficult>
		<bndbox>
			<xmin>582</xmin>
			<ymin>68</ymin>
			<xmax>614</xmax>
			<ymax>80</ymax>
		</bndbox>
	</object>
	<object>
		<name>window</name>
		<pose>Unspecified</pose>
		<truncated>0</truncated>
		<difficult>0</difficult>
		<bndbox>
			<xmin>610</xmin>
			<ymin>70</ymin>
			<xmax>643</xmax>
			<ymax>78</ymax>
		</bndbox>
	</object>
	<object>
		<name>window</name>
		<pose>Unspecified</pose>
		<truncated>0</truncated>
		<difficult>0</difficult>
		<bndbox>
			<xmin>639</xmin>
			<ymin>68</ymin>
			<xmax>671</xmax>
			<ymax>80</ymax>
		</bndbox>
	</object>
	<object>
		<name>window</name>
		<pose>Unspecified</pose>
		<truncated>0</truncated>
		<difficult>0</difficult>
		<bndbox>
			<xmin>667</xmin>
			<ymin>70</ymin>
			<xmax>702</xmax>
			<ymax>80</ymax>
		</bndbox>
	</object>
	<object>
		<name>window</name>
		<pose>Unspecified</pose>
		<truncated>0</truncated>
		<difficult>0</difficult>
		<bndbox>
			<xmin>696</xmin>
			<ymin>68</ymin>
			<xmax>730</xmax>
			<ymax>80</ymax>
		</bndbox>
	</object>
	<object>
		<name>interior_wall</name>
		<pose>Unspecified</pose>
		<truncated>0</truncated>
		<difficult>0</difficult>
		<bndbox>
			<xmin>473</xmin>
			<ymin>205</ymin>
			<xmax>847</xmax>
			<ymax>215</ymax>
		</bndbox>
	</object>
	<object>
		<name>interior_wall</name>
		<pose>Unspecified</pose>
		<truncated>0</truncated>
		<difficult>0</difficult>
		<bndbox>
			<xmin>537</xmin>
			<ymin>338</ymin>
			<xmax>613</xmax>
			<ymax>346</ymax>
		</bndbox>
	</object>
	<object>
		<name>interior_wall</name>
		<pose>Unspecified</pose>
		<truncated>0</truncated>
		<difficult>0</difficult>
		<bndbox>
			<xmin>572</xmin>
			<ymin>207</ymin>
			<xmax>579</xmax>
			<ymax>351</ymax>
		</bndbox>
	</object>
	<object>
		<name>interior_wall</name>
		<pose>Unspecified</pose>
		<truncated>0</truncated>
		<difficult>0</difficult>
		<bndbox>
			<xmin>639</xmin>
			<ymin>231</ymin>
			<xmax>648</xmax>
			<ymax>329</ymax>
		</bndbox>
	</object>
	<object>
		<name>interior_wall</name>
		<pose>Unspecified</pose>
		<truncated>0</truncated>
		<difficult>0</difficult>
		<bndbox>
			<xmin>675</xmin>
			<ymin>339</ymin>
			<xmax>745</xmax>
			<ymax>345</ymax>
		</bndbox>
	</object>
	<object>
		<name>interior_wall</name>
		<pose>Unspecified</pose>
		<truncated>0</truncated>
		<difficult>0</difficult>
		<bndbox>
			<xmin>704</xmin>
			<ymin>209</ymin>
			<xmax>715</xmax>
			<ymax>345</ymax>
		</bndbox>
	</object>
	<object>
		<name>interior_wall</name>
		<pose>Unspecified</pose>
		<truncated>0</truncated>
		<difficult>0</difficult>
		<bndbox>
			<xmin>775</xmin>
			<ymin>231</ymin>
			<xmax>786</xmax>
			<ymax>334</ymax>
		</bndbox>
	</object>
	<object>
		<name>door</name>
		<pose>Unspecified</pose>
		<truncated>0</truncated>
		<difficult>0</difficult>
		<bndbox>
			<xmin>660</xmin>
			<ymin>415</ymin>
			<xmax>681</xmax>
			<ymax>437</ymax>
		</bndbox>
	</object>
	<object>
		<name>door</name>
		<pose>Unspecified</pose>
		<truncated>0</truncated>
		<difficult>0</difficult>
		<bndbox>
			<xmin>728</xmin>
			<ymin>434</ymin>
			<xmax>749</xmax>
			<ymax>453</ymax>
		</bndbox>
	</object>
	<object>
		<name>door</name>
		<pose>Unspecified</pose>
		<truncated>0</truncated>
		<difficult>0</difficult>
		<bndbox>
			<xmin>744</xmin>
			<ymin>451</ymin>
			<xmax>765</xmax>
			<ymax>471</ymax>
		</bndbox>
	</object>
	<object>
		<name>exterior_wall</name>
		<pose>Unspecified</pose>
		<truncated>0</truncated>
		<difficult>0</difficult>
		<bndbox>
			<xmin>552</xmin>
			<ymin>531</ymin>
			<xmax>784</xmax>
			<ymax>541</ymax>
		</bndbox>
	</object>
	<object>
		<name>interior_wall</name>
		<pose>Unspecified</pose>
		<truncated>0</truncated>
		<difficult>0</difficult>
		<bndbox>
			<xmin>871</xmin>
			<ymin>204</ymin>
			<xmax>940</xmax>
			<ymax>215</ymax>
		</bndbox>
	</object>
	<object>
		<name>interior_wall</name>
		<pose>Unspecified</pose>
		<truncated>0</truncated>
		<difficult>0</difficult>
		<bndbox>
			<xmin>932</xmin>
			<ymin>202</ymin>
			<xmax>941</xmax>
			<ymax>384</ymax>
		</bndbox>
	</object>
	<object>
		<name>exterior_wall</name>
		<pose>Unspecified</pose>
		<truncated>0</truncated>
		<difficult>0</difficult>
		<bndbox>
			<xmin>943</xmin>
			<ymin>381</ymin>
			<xmax>1035</xmax>
			<ymax>394</ymax>
		</bndbox>
	</object>
	<object>
		<name>exterior_wall</name>
		<pose>Unspecified</pose>
		<truncated>0</truncated>
		<difficult>0</difficult>
		<bndbox>
			<xmin>936</xmin>
			<ymin>431</ymin>
			<xmax>1038</xmax>
			<ymax>441</ymax>
		</bndbox>
	</object>
	<object>
		<name>interior_wall</name>
		<pose>Unspecified</pose>
		<truncated>0</truncated>
		<difficult>0</difficult>
		<bndbox>
			<xmin>675</xmin>
			<ymin>403</ymin>
			<xmax>683</xmax>
			<ymax>456</ymax>
		</bndbox>
	</object>
	<object>
		<name>interior_wall</name>
		<pose>Unspecified</pose>
		<truncated>0</truncated>
		<difficult>0</difficult>
		<bndbox>
			<xmin>583</xmin>
			<ymin>404</ymin>
			<xmax>650</xmax>
			<ymax>415</ymax>
		</bndbox>
	</object>
	<object>
		<name>interior_wall</name>
		<pose>Unspecified</pose>
		<truncated>0</truncated>
		<difficult>0</difficult>
		<bndbox>
			<xmin>642</xmin>
			<ymin>403</ymin>
			<xmax>652</xmax>
			<ymax>433</ymax>
		</bndbox>
	</object>
	<object>
		<name>interior_wall</name>
		<pose>Unspecified</pose>
		<truncated>0</truncated>
		<difficult>0</difficult>
		<bndbox>
			<xmin>581</xmin>
			<ymin>428</ymin>
			<xmax>630</xmax>
			<ymax>436</ymax>
		</bndbox>
	</object>
	<object>
		<name>interior_wall</name>
		<pose>Unspecified</pose>
		<truncated>0</truncated>
		<difficult>0</difficult>
		<bndbox>
			<xmin>581</xmin>
			<ymin>457</ymin>
			<xmax>629</xmax>
			<ymax>466</ymax>
		</bndbox>
	</object>
	<object>
		<name>interior_wall</name>
		<pose>Unspecified</pose>
		<truncated>0</truncated>
		<difficult>0</difficult>
		<bndbox>
			<xmin>623</xmin>
			<ymin>449</ymin>
			<xmax>628</xmax>
			<ymax>467</ymax>
		</bndbox>
	</object>
	<object>
		<name>interior_wall</name>
		<pose>Unspecified</pose>
		<truncated>0</truncated>
		<difficult>0</difficult>
		<bndbox>
			<xmin>646</xmin>
			<ymin>481</ymin>
			<xmax>671</xmax>
			<ymax>488</ymax>
		</bndbox>
	</object>
	<object>
		<name>interior_wall</name>
		<pose>Unspecified</pose>
		<truncated>0</truncated>
		<difficult>0</difficult>
		<bndbox>
			<xmin>641</xmin>
			<ymin>459</ymin>
			<xmax>652</xmax>
			<ymax>515</ymax>
		</bndbox>
	</object>
	<object>
		<name>interior_wall</name>
		<pose>Unspecified</pose>
		<truncated>0</truncated>
		<difficult>0</difficult>
		<bndbox>
			<xmin>700</xmin>
			<ymin>451</ymin>
			<xmax>711</xmax>
			<ymax>538</ymax>
		</bndbox>
	</object>
	<object>
		<name>interior_wall</name>
		<pose>Unspecified</pose>
		<truncated>0</truncated>
		<difficult>0</difficult>
		<bndbox>
			<xmin>666</xmin>
			<ymin>450</ymin>
			<xmax>707</xmax>
			<ymax>458</ymax>
		</bndbox>
	</object>
	<object>
		<name>interior_wall</name>
		<pose>Unspecified</pose>
		<truncated>0</truncated>
		<difficult>0</difficult>
		<bndbox>
			<xmin>676</xmin>
			<ymin>412</ymin>
			<xmax>750</xmax>
			<ymax>419</ymax>
		</bndbox>
	</object>
	<object>
		<name>interior_wall</name>
		<pose>Unspecified</pose>
		<truncated>0</truncated>
		<difficult>0</difficult>
		<bndbox>
			<xmin>703</xmin>
			<ymin>413</ymin>
			<xmax>712</xmax>
			<ymax>460</ymax>
		</bndbox>
	</object>
	<object>
		<name>interior_wall</name>
		<pose>Unspecified</pose>
		<truncated>0</truncated>
		<difficult>0</difficult>
		<bndbox>
			<xmin>716</xmin>
			<ymin>449</ymin>
			<xmax>727</xmax>
			<ymax>537</ymax>
		</bndbox>
	</object>
	<object>
		<name>interior_wall</name>
		<pose>Unspecified</pose>
		<truncated>0</truncated>
		<difficult>0</difficult>
		<bndbox>
			<xmin>753</xmin>
			<ymin>475</ymin>
			<xmax>776</xmax>
			<ymax>486</ymax>
		</bndbox>
	</object>
	<object>
		<name>interior_wall</name>
		<pose>Unspecified</pose>
		<truncated>0</truncated>
		<difficult>0</difficult>
		<bndbox>
			<xmin>762</xmin>
			<ymin>448</ymin>
			<xmax>768</xmax>
			<ymax>481</ymax>
		</bndbox>
	</object>
	<object>
		<name>interior_wall</name>
		<pose>Unspecified</pose>
		<truncated>0</truncated>
		<difficult>0</difficult>
		<bndbox>
			<xmin>707</xmin>
			<ymin>451</ymin>
			<xmax>747</xmax>
			<ymax>459</ymax>
		</bndbox>
	</object>
	<object>
		<name>interior_wall</name>
		<pose>Unspecified</pose>
		<truncated>0</truncated>
		<difficult>0</difficult>
		<bndbox>
			<xmin>771</xmin>
			<ymin>404</ymin>
			<xmax>783</xmax>
			<ymax>459</ymax>
		</bndbox>
	</object>
	<object>
		<name>window</name>
		<pose>Unspecified</pose>
		<truncated>0</truncated>
		<difficult>0</difficult>
		<bndbox>
			<xmin>722</xmin>
			<ymin>67</ymin>
			<xmax>757</xmax>
			<ymax>83</ymax>
		</bndbox>
	</object>
	<object>
		<name>window</name>
		<pose>Unspecified</pose>
		<truncated>0</truncated>
		<difficult>0</difficult>
		<bndbox>
			<xmin>756</xmin>
			<ymin>66</ymin>
			<xmax>778</xmax>
			<ymax>83</ymax>
		</bndbox>
	</object>
	<object>
		<name>window</name>
		<pose>Unspecified</pose>
		<truncated>0</truncated>
		<difficult>0</difficult>
		<bndbox>
			<xmin>776</xmin>
			<ymin>67</ymin>
			<xmax>816</xmax>
			<ymax>86</ymax>
		</bndbox>
	</object>
	<object>
		<name>window</name>
		<pose>Unspecified</pose>
		<truncated>0</truncated>
		<difficult>0</difficult>
		<bndbox>
			<xmin>810</xmin>
			<ymin>68</ymin>
			<xmax>841</xmax>
			<ymax>84</ymax>
		</bndbox>
	</object>
	<object>
		<name>window</name>
		<pose>Unspecified</pose>
		<truncated>0</truncated>
		<difficult>0</difficult>
		<bndbox>
			<xmin>833</xmin>
			<ymin>71</ymin>
			<xmax>873</xmax>
			<ymax>80</ymax>
		</bndbox>
	</object>
	<object>
		<name>window</name>
		<pose>Unspecified</pose>
		<truncated>0</truncated>
		<difficult>0</difficult>
		<bndbox>
			<xmin>869</xmin>
			<ymin>65</ymin>
			<xmax>895</xmax>
			<ymax>83</ymax>
		</bndbox>
	</object>
	<object>
		<name>window</name>
		<pose>Unspecified</pose>
		<truncated>0</truncated>
		<difficult>0</difficult>
		<bndbox>
			<xmin>892</xmin>
			<ymin>70</ymin>
			<xmax>929</xmax>
			<ymax>80</ymax>
		</bndbox>
	</object>
	<object>
		<name>window</name>
		<pose>Unspecified</pose>
		<truncated>0</truncated>
		<difficult>0</difficult>
		<bndbox>
			<xmin>921</xmin>
			<ymin>65</ymin>
			<xmax>956</xmax>
			<ymax>81</ymax>
		</bndbox>
	</object>
</annotation>